Book_ID,Title,Author,Price,Availability
3028129140,Chionophila Benth.,Arch Dolle,£77.04,false
8027064619,Galium desereticum Dempster & Ehrend.,Goldina Gregor,£72.60,false
2018390244,Elymus diversiglumis Scribn. & C.R. Ball,Gustaf Duesberry,£98.29,true
4849595901,Lophospermum D. Don,Raleigh Ready,£44.18,false
0952975971,Anacamptodon splachnoides (Froel. ex Brid.) Brid.,Kale Tudge,£78.02,true
2620806917,Eucalyptus laevopinea R.T. Baker,Read Fernehough,£36.54,true
0777307952,Scutellaria tuberosa Benth.,Fancie Tonkes,£69.87,false
1375750054,Clematis hirsutissima Pursh var. scottii (Porter) Erickson,Kristan Edgler,£72.19,false
5249032672,Rumex obovatus Danser,Chic Grassick,£92.36,false
7626069250,Hedeoma apiculata W.S. Stewart,Aluino Wakerley,£33.58,true
8318681959,Hydrophyllum fendleri (A. Gray) A. Heller var. fendleri,Torrey Leishman,£34.97,true
6767266647,Stevia plummerae A. Gray var. plummerae,Cheston Mabbitt,£95.76,false
6411079668,Malacothamnus Greene,Bobby Pruckner,£79.80,false
1849834474,Robinia hispida L. var. nana (Elliott) DC.,Barrie Perkinson,£63.13,false
0550201300,Tournefortia volubilis L.,Finn Cloney,,false
2028863749,Alocasia (Schott) G. Don,Donn Bonnet,£84.86,true
2914300522,Tetradium daniellii (Benn.) T.G. Hartley,Teresita Persicke,£68.60,true
7175230427,Jatropha dioica Cerv.,Doralia Graveston,£52.43,true
1796868663,Bactris gasipaes Kunth,Danit Gillebride,£41.77,false
8615213038,Caloplaca irrubescens (Arnold) Zahlbr.,Hailee Stainfield,£55.95,false
5892866947,Arthonia subrubella Nyl.,Addia Wallworke,,true
8897482619,Astragalus douglasii (Torr. & A. Gray) A. Gray,Onida Ebbett,£61.85,true
6617577493,Ceanothus ×rugosus Greene (pro sp.),Brian Balaison,£53.86,false
0184657237,Asclepias vestita Hook. & Arn. ssp. vestita,Laurel Pinnocke,£57.12,false
3908145309,Eriogonum alpinum Engelm.,Florina Gutteridge,,true
7346775430,Prosopis pallida (Humb. & Bonpl. ex Willd.) Kunth,Vally Larchier,£74.12,true
9354611680,Cerastium fontanum Baumg.,Emmalynne Cridlon,£42.23,true
6399537681,Allium macrum S. Watson,Beverie Sponton,£25.17,false
8311400237,Cranichis Sw.,Benedikt Studdard,£82.16,false
2063232709,Wedelia reticulata DC.,Harwilll Lyman,£56.52,true
3717018361,Rosa cinnamomea L.,Rutger Petrillo,£41.46,false
0345151690,Oxytropis lambertii Pursh var. articulata (Greene) Barneby,Issie Lidgely,£43.27,false
4783320241,Securigera securidaca (L.) O. Deg. & Dorf.,Kristoforo Barroux,£67.33,true
5678969668,Platanthera huronensis (Nutt.) Lindl.,Artemas Gowdridge,£63.41,false
3674637235,Sphaeralcea rusbyi A. Gray ssp. gilensis Kearney,Brendan Vittore,£46.94,false
9852571478,Taraxacum californicum Munz & I.M. Johnst.,Arleyne Tomaello,£47.53,false
0183323947,Satureja viminea L.,Jamil Sineath,£37.28,false
0364883049,Morella caroliniensis (Mill.) Small,Shayne Corkett,£31.67,true
0349209340,Helianthus praecox Engelm. & A. Gray ssp. praecox,Elmore Kirsche,£52.76,false
0318408430,Saritaea Dugand,Jose Harnell,£65.05,false
5473367763,Hieracium fendleri Sch. Bip. var. discolor A. Gray,Sam Crippes,£57.68,true
2249880255,Huperzia appalachiana Beitel & Mickel,Magdaia Vigurs,£41.33,true
5722239658,Casearia aculeata Jacq.,Sonnie Elvy,£94.14,false
3176303343,Sesbania sesban (L.) Merr. var. sesban,Tab Eldrett,£99.41,false
8044209069,Scleropogon Phil.,Ariana Kissell,£89.75,false
3826166183,Viola purpurea Kellogg ssp. mesophyta M.S. Baker & J.C. Clausen,Rickie Walewski,£92.63,false
1081087005,Catoscopium Brid.,Jude Rigler,,false
0130129224,Aristida dichotoma Michx. var. dichotoma,Dominique Connerly,,false
8846840836,Heliotropium microphyllum Sw. ex Wikstr.,Amalea McGriffin,£32.98,false
2152323270,Ribes americanum Mill.,Howey Toope,£22.63,true
9184287144,Peumus Molina,Tate Ambrosini,,true
4482482536,Navarretia peninsularis Greene,Felic Nunes Nabarro,£62.64,false
3354047577,Fissidens littlei (R.S. Williams) Grout,Andreana Lavarack,£89.91,true
5653063088,Allium tolmiei (Hook.) Baker ex S. Watson var. tolmiei,Orv Slarke,,false
2823842837,Cedronella canariensis (L.) Willd. ex Webb & Bethel.,Rudolfo Calbert,,false
1267737565,Lecanora subimmergens Vain.,Aimee Bennellick,£42.77,true
7675008197,Bromidium tandilense (Kuntze) Rúgolo,Jennette Peagram,£91.80,true
5729476159,Papaver lapponicum (Tolm.) Nordh.,Elyssa Heinritz,£35.69,true
0136210120,Nolina bigelovii (Torr.) S. Watson,Manolo McKeachie,£74.23,true
6569389270,"Lecanora caulophylla (Tuck.) ?, ined.?",Diahann Gronno,£91.81,true
2635326541,Calochortus elegans Pursh var. elegans,Jaquith Ellin,£59.33,true
7208092419,Nymphaea ×thiona Ward,Edita Lindermann,£94.62,false
0034337504,Calopadia Vezda,Denys Paice,£31.76,true
9641828258,Tetraplodon paradoxus (R. Br.) I. Hagen,Brynn Carmody,£76.36,true
8094521791,Anthaenantia rufa (Nutt.) Schult.,Philippa Jaumet,£43.72,true
0090911113,Ipomoea purpurea (L.) Roth,Julia Serot,£91.76,false
2696570329,Acacia elata A. Cunn. ex Benth.,Therine Woolvett,£25.34,false
2509057413,Papaver somniferum L.,Kalvin O'Griffin,£27.79,true
3791424831,Thalictrum revolutum DC.,Thacher Loblie,£28.16,true
7500675429,Nemophila maculata Benth. ex Lindl.,Brewster Darrell,£84.77,false
2921427826,Cypripedium candidum Muhl. ex Willd.,Skippie Lamberteschi,£73.43,false
0753813874,Setaria verticilliformis Dunart.,Benoite FitzAlan,£50.01,false
1954228090,Ramalina unifolia J.W. Thomson,Lexi Gresch,,false
8604748415,Govenia floridana P.M. Brown,Alexander Vince,£33.28,false
8743009972,Sisyrinchium xerophyllum Greene,Bonnee Lowten,£67.78,true
6406858360,Symphyotrichum welshii (Cronquist) G.L. Nesom,Guillemette Vlach,£93.31,false
3246076987,Cyrtandra ×cladantha Skottsb. (pro sp.),Maybelle Prigmore,£89.47,false
8990006112,Matelea cynanchoides (Engelm.) Woodson,Corie Stoffels,£59.33,true
9659213875,Erigeron poliospermus A. Gray,Tamas Prester,£23.59,false
2980164445,Aliciella subacaulis (Rydb.) J.M. Porter & L.A. Johnson,Linet Carpmile,£69.95,false
2092899317,Clematis socialis Kral,Isidore Gwillyam,£61.01,false
0920973515,Viburnum wrightii Miq.,Ellen Streeton,£33.27,true
0513148981,Trifolium longipes Nutt. ssp. hansenii (Greene) J.M. Gillett,Estele McAw,,true
4210192112,Crataegus macrosperma Ashe,Angelique McCart,£65.76,true
2722779447,Digitaria villosa (Walter) Pers.,Chilton Bellenger,£37.60,false
7138613466,Cirsium hydrophilum (Greene) Jeps. var. hydrophilum,Neil Donneely,£37.29,true
2956828479,Remya montgomeryi W.L. Wagner & D.R. Herbst,Maximilian Sircombe,£50.62,false
8472426815,Antennaria parlinii Fernald,Barbi Darlington,£48.32,true
2664024655,Anemone narcissiflora L. var. villosissima DC.,Lane Cockcroft,£51.44,false
2305461720,Allium brandegeei S. Watson,Morrie Nunson,£24.29,true
3233602502,Polyscias fruticosa (L.) Harms,Christiana Ardling,£63.89,false
8778958695,Gilia capitata Sims ssp. pedemontana V.E. Grant,Des Corr,£59.33,false
8593920381,Ischaemum timorense Kunth,Tracey Mackness,£99.14,false
3447074817,Parmeliella cyanolepra (Tuck.) Herre,Scotti Davidovics,£43.84,false
9432178331,Myrsine degeneri Hosaka,George Brunelli,£70.73,false
2572556561,Cryptantha hooveri I.M. Johnst.,Gerhardine Veivers,£94.87,true
0428487890,Agrostis exarata Trin.,Ajay Vakhlov,£25.12,false
4651957730,Cuscuta potosina Schaffn.,Ernaline Ratt,,true
6171896616,Delosperma litorale (Kensit) L. Bolus,Esra Rollason,£25.39,false
3572324416,Symphoricarpos albus (L.) S.F. Blake,Sanderson Ghilardini,£20.73,true
0697360296,Perilla frutescens (L.) Britton var. frutescens,Darsey Hanley,£58.10,false
2116167701,Rudbeckia klamathensis P. Cox & Urbatsch,Mordy Satyford,£86.23,true
1624191673,Pilea herniarioides (Sw.) Lindl.,Maximilianus Ortega,£63.47,true
1913531333,Mirabilis laevis (Benth.) Curran var. crassifolia (Choisy) Spellenb.,Nat Rakestraw,£41.58,false
4318831019,Pilophorus nigricaulis Sato,Benjy Bohman,£21.84,false
2100130951,Stereocaulon octomerum Müll. Arg.,Marilee Crandon,£95.37,true
3476838773,Tillandsia variabilis Schltdl.,Gertruda Farquhar,£61.55,false
2140581946,Barbula Hedw.,Eugenio Sawley,£27.64,true
6821734437,Lecidea theodori Lynge,Celka Pietron,£94.15,true
2722679833,Caloplaca marina (Wedd.) Zahlbr.,Harper Salerg,£53.11,false
7091789628,Solidago simplex Kunth ssp. randii (Porter) Ringius var. monticola (Porter) Ringius,Jude Scopham,£50.07,false
7316728264,Cordyla Lour.,Harp Theodoris,£48.43,false
4527004689,Pyrrocoma linearis (D.D. Keck) Kartesz & Gandhi,Konstanze Challener,£77.55,false
7226333775,Carex crawei Dewey,Jillana Sandilands,£97.18,false
4139470631,Chaenactis cusickii A. Gray,Bank Mafham,£79.49,false
6613859788,Lecidea cinerata Zahlbr.,Wendall Creelman,£28.44,false
0315961996,Phyllodoce Salisb.,Abagail Hallet,£98.02,false
8725648926,Achlys triphylla (Sm.) DC.,Urban Baythrop,£57.43,true
2852682931,Malus ×micromalus Makino [excluded],Melinda Reford,£97.92,true
6771651088,Savia sessiliflora (Sw.) Willd.,Langston Purshouse,£91.74,true
8542076869,Botrychium dissectum Spreng.,Sisile Shuker,£97.44,true
1695100956,Lotus heermannii (Durand & Hilg.) Greene,Rodina Trickey,£68.63,true
7779335666,Linum berlandieri Hook. var. berlandieri,Jesse Frandsen,£83.63,true
2140076885,Echinocereus engelmannii (Parry ex Engelm.) Lem. var. howei L.D. Benson,Celestia Lucius,£45.68,false
5395348883,Digitaria didactyla Willd. [excluded],Kennith Thing,£76.11,true
5784725572,Leptodactylon californicum Hook. & Arn. ssp. californicum,Jillie Philippson,£40.63,true
5304808622,Eupatorium perfoliatum L. var. colpophilum Fernald & Grisc.,Carlita Shipton,£30.17,true
0576562297,Marah macrocarpus (Greene) Greene var. micranthus Stocking,Anatola Geffe,,true
9777829558,Castilleja sulphurea Rydb.,Nanon Tulloch,,true
1203832680,Pecluma camptophyllaria (Fée) M.G. Price ssp. abbreviata (A.M. Evans) Kartesz & Gandhi,Cynde Castro,£45.69,false
2571032712,Astragalus molybdenus Barneby,Debor Denyagin,£48.22,false
3065800624,Cyclachaena xanthiifolia (Nutt.) Fresen.,Molly Yair,£40.95,false
9276790721,Acarospora succedens H. Magn.,Edie Kardos,£63.13,true
1812187769,Dalbergia ecastaphyllum (L.) Taubert,Glynn Robbe,,true
7613692892,Aeginetia indica L.,Dorice Geator,,true
6423180288,Brickellia desertorum Coville,Dur Bener,,false
5722745987,Galium watsonii (A. Gray) A. Heller,Avictor MacElroy,£31.30,true
8910662921,Hypogymnia mollis L. Pike & Hale,Rita Guly,£49.32,false
0350166056,Strychnos nux-vomica L.,Leonie Rutgers,£33.90,true
0544773551,Urera obovata Benth.,Clim Presnell,£55.20,false
9484037615,Ipomopsis aggregata (Pursh) V.E. Grant ssp. formosissima (Greene) Wherry,Tommy Fyndon,£84.61,false
7238418991,Carex fissuricola Mack.,Tiffie Calcutt,£47.81,false
1301962678,Salix L.,Adriane Ugoni,£58.71,false
2692889002,Hymenocallis palmeri S. Watson,Carrol Pietsma,£89.99,true
3584594995,Wissadula amplissima (L.) R.E. Fries,Gabrielle Lever,£25.71,true
5196641386,Cardamine debilis D. Don,Kessiah Barbisch,£28.14,false
4808214202,Tulbaghia L.,Kalindi Twinborough,£70.61,true
2603748009,Chamaesyce urbanii Millsp.,Pembroke McAuliffe,£88.13,true
0637101553,Mycomicrothelia wallrothii (Hepp) D. Hawksw.,Franzen Kennet,£87.87,false
7229228107,Rubus inferior L.H. Bailey,Virgie Skelhorn,,true
2264599812,Cyperus flavicomus Michx.,Aldous MacCague,£57.58,false
5463453594,Triticum L.,Smith Goldby,£63.70,true
4793692737,Desmodium cajanifolium (Kunth) DC.,Benoite Vitall,£22.14,true
6664191067,Dendrophylax Rchb.,Hubie Hendonson,£43.66,false
1136479686,Downingia ornatissima Greene var. ornatissima,Magdalene Kennard,£98.04,true
5716971636,Delphinium andersonii A. Gray,Vevay Wybourne,£89.01,false
2939311005,Lythrum flagellare Shuttlw. ex Chapm.,Traver Lambertson,£25.64,false
9459593216,Viola frank-smithii N.H. Holmgren,Laina Bidder,£96.00,true
0398333203,Randia rhagocarpa Standl.,Olivette Gosling,£77.22,true
0605637067,Ostrya virginiana (Mill.) K. Koch,Wyatan Boak,£37.24,true
6463214019,Hedyotis parvula (A. Gray) Fosberg,Morey Thewless,,true
9326233634,Tetraneuris scaposa (DC.) Greene var. scaposa,Emilia Tams,£92.68,true
8711685573,Forestiera segregata (Jacq.) Krug & Urb. var. pinetorum (Small) M.C. Johnst.,Bobbi Arber,£80.00,true
5014526357,Pylaisiella Kindb.,Orsola Eyden,£87.10,true
6637408425,Plantago pachyphylla A. Gray,Marcelo Kentish,,true
2744589292,Achnatherum P. Beauv.,Tobin Greeve,£47.19,false
7657229721,Virola Aubl.,Rebekkah Langridge,£62.98,false
5870628628,Paspalum langei (Fourn.) Nash,Iosep Leppard,£21.30,false
2640574515,Pyrenopsis compacta Willey,Alicia Conrad,£50.44,true
8619244523,Corispermum ochotense Ignatov,Meredithe De Carlo,£99.26,false
7406845863,Cryptantha aperta (Eastw.) Payson,Hyacintha Fenney,£84.82,true
7455301332,Marah macrocarpus (Greene) Greene,Zachariah Ramage,£60.75,true
1080856943,Rudbeckia fulgida Aiton,Faber Wales,£80.10,false
9516897738,Lathyrus sphaericus Retz.,Ware Levy,£52.34,true
0855767006,Scleria ciliata Michx.,Virginia Ordelt,£90.39,true
1526266202,Munroidendron racemosum (Forbes) Sherff,Rudie Volage,£51.51,true
5652568402,Dryas octopetala L.,Ingra Juschka,£65.14,false
7172721543,Chromolaena bigelovii (A. Gray) R.M. King & H. Rob.,Henrik Padberry,£49.23,true
1413003427,Arctostaphylos hooveri P.V. Wells,Hurlee Stopps,£61.55,false
7439630637,Sporobolus cryptandrus (Torr.) A. Gray,Reinold Aleksankin,£33.79,false
0197989330,Cornutia pyramidata L.,Karoly Andreazzi,£77.78,true
9423359442,Hypochaeris microcephala (Sch. Bip.) Cabrera var. albiflora (Kuntze) Cabrera,Marmaduke Venturoli,£77.66,true
3301909779,Stereocaulon sasakii Zahlbr.,Bonnibelle Whaites,£26.02,true
9358128348,Senecio musiniensis S.L. Welsh,Gerick Endecott,£30.37,true
2798566347,Euphorbia peplus L.,Benedetto Santino,£58.69,true
5529898696,Penstemon procerus Douglas ex Graham var. tolmiei (Hook.) Cronquist,Joana Branno,£49.03,true
4466344353,Mahonia bealei (Fortune) Carrière,Dario Westcarr,£95.36,true
3270109962,Spiranthes praecox (Walter) S. Watson,Harlan Peggs,£44.86,false
1385102225,Cocculus carolinus (L.) DC.,Lauritz Rigden,£40.10,false
3705403044,Astragalus humistratus A. Gray var. crispulus Barneby,Bevon Royall,£92.28,false
7560932398,Penstemon thurberi Torr.,Giulio Webb,£46.40,true
5962660609,Draba breweri S. Watson var. cana (Rydb.) Rollins,Maximilian Bortolozzi,£92.11,true
4287567358,Houstonia serpyllifolia Michx.,Alyosha Nesbit,£80.77,true
0497525097,Anechites nerium (Aubl.) Urb.,Brady Medhurst,£86.59,true
5156339018,Grindelia nuda Alph. Wood var. aphanactis (Rydb.) G.L. Nesom,Sisile Wilkinson,£41.90,true
8262429826,Cladonia carneola (Fr.) Fr.,Don Rameau,£84.05,false
9400246234,Sicyos erostratus H. St. John,Mohandis Heeran,£88.14,false
0012244090,Prunus maritima Marshall,Lucretia Lown,£75.82,false
7652382610,Bacopa monnieri (L.) Pennell,Daisie Sherrock,£52.85,true
0786307072,Teloschistes Norman,Celle Boughton,£40.01,false
1009212869,Dovyalis hebecarpa (G. Gardn.) Warb.,Evania Osman,£56.59,false
1103506013,Psidium friedrichsthalianum (O. Berg) Nied.,Hannah Gilfoy,£30.12,true
7678649436,Crupina (Pers.) DC.,Ricardo Flucks,£82.44,false
9415511656,Silene struthioloides A. Gray,Dev Espie,£45.10,false
6118088012,Piriqueta cistoides (L.) Griseb.,Bobbee Valero,£49.16,true
1911904574,Selaginella substipitata Spring,Karalynn Samber,£57.06,false
0139143289,Sparaxis tricolor (Schneev.) Ker Gawl.,Nikola Lawrance,£81.45,true
1280111046,Suaeda maritima (L.) Dumort.,Bunny Aizikovitz,£89.86,false
8310091125,Pectis linearis Llave,Henri Cescot,,true
0521045681,Erythronium americanum Ker Gawl. ssp. americanum,Katinka Bellelli,,true
7517783653,Bryum oblongum Lindb.,Zaneta Vasyukhin,£85.71,true
7893117842,Agalinis filicaulis (Benth.) Pennell,Bink Churchman,£73.32,true
3482984522,Spiraea virginiana Britton,Wiatt Mc Harg,,true
3246737436,Bambusa polymorpha Munro,Nelia Enterle,£21.78,true
9158022015,Cyperus distans L. f.,Jo-anne Beazer,£34.56,false
1247436977,Cyrtandra ×hosakae H. St. John & Storey (pro sp.),Janos Ledekker,£85.94,true
3652645707,Umbilicaria lyngei Schol.,Gale Menere,£82.96,false
5074171946,Litchi Sonn.,Godfrey St. Quintin,£56.98,false
5171129169,Lophophora J.M. Coult.,Andros Tumioto,£62.73,false
4919970595,Dionaea Ellis,Gina Fozzard,£47.14,true
6915603883,Quercus ×filialis Little,Anson Swedeland,£42.37,true
0131981854,Bryoria tenuis (E. Dahl) Brodo & D. Hawksw.,Rolph Fawdrey,£65.70,false
9061987369,Lyonia mariana (L.) D. Don,Leonie Kenwright,£87.85,false
7646782270,Cryptantha capitata (Eastw.) I.M. Johnst.,Clevey Row,£53.18,false
0013342029,Anthracothecium nanum (Zahlbr.) R.C. Harris,Faina Rozzier,,true
2134700297,Grindelia stricta DC. var. angustifolia (A. Gray) M.A. Lane,Lanae Baron,£79.09,false
7354569607,Graphis Adans.,Jo-anne Howieson,£85.45,true
5361412015,Gilia nevinii A. Gray,Phip Shillan,£40.40,false
0529530708,Centaurium exaltatum (Griseb.) W. Wight ex Piper,Ferdie Slavin,£42.61,true
2583046373,Salix gilgiana Fr.,Elwyn Beange,,false
3349883079,Hesperolinon tehamense H. Sharsm.,Iorgos Vasentsov,£41.06,false
0834898101,Oxytropis campestris (L.) DC. var. davisii S.L. Welsh,Lothaire Seymark,£46.92,false
1482689448,Viola pinetorum Greene var. grisea (Jepson) R.J. Little,Greg Jori,,false
2909047636,Camassia quamash (Pursh) Greene ssp. intermedia Gould,Courtney Chadwick,£77.99,true
3792475626,Machaonia woodburyana Acev.-Rodr.,Stephana Tolputt,,false
8995170182,Packera neomexicana (A. Gray) W.A. Weber & Á. Löve var. toumeyi (Greene) D.K. Trock & T.M. Barkley,Justina Walaron,£77.00,false
9128133625,Eritrichium nanum (Vill.) Schrad. ex Gaudin var. elongatum (Rydb.) Cronquist,Roddy Kefford,£34.58,false
2337104257,Penstemon tiehmii N.H. Holmgren,Peta Mateus,,true
8018889651,Nicotiana repanda Willd. ex Lehm.,Si Kinset,£78.31,true
9985599616,Racomitrium macounii Kindb.,Joelly Hewson,£30.17,false
9977652333,Amphitecna latifolia (Mill.) A.H. Gentry,Mignon MacGowing,£61.80,true
1673712169,Verrucaria nigrescens Pers.,Allie Standish-Brooks,£76.42,false
4499355826,Peumus Molina,Nilson Gniewosz,£39.31,true
2815412977,Marrubium L.,Della Ledster,£62.89,true
9450808066,Lecanora umbrina (Ach.) A. Massal.,Milo Champion,£56.65,true
6784739981,Trichothelium epiphyllum Müll. Arg.,Elysee Goldfinch,£82.00,false
9694850932,Morus rubra L. var. tomentosa (Raf.) Bureau,Randal Crozier,£36.42,true
8861922643,Erigeron latus (A. Nelson & J.F. Macbr.) Cronquist,Vita De Coursey,£36.22,true
4806337072,Eriogonum saxatile S. Watson,Morganne Bracchi,£56.85,true
3486848151,Ditrichum zonatum (Brid.) Kindb.,Grier Atcherley,£40.05,true
9106119964,Rhynchospora leptocarpa (Chapm. ex Britton) Small,Berty Tulleth,£28.23,true
3230471229,Xanthoparmelia barbatica (Elix) Egan,Osborne Woollhead,,false
7191140844,Potentilla thurberi A. Gray var. thurberi,Merwin Chessum,£68.14,false
1493542370,Astragalus douglasii (Torr. & A. Gray) A. Gray,Wallis Kennford,£56.98,false
2003779663,Muhlenbergia filiformis (Thurb. ex S. Watson) Rydb.,Zebulon Tregonna,£60.59,true
6920776057,Rhododendron canescens (Michx.) Sweet,Waylon Idill,£29.40,true
6551746969,Brachypodium sylvaticum (Huds.) P. Beauv.,Timothy Crufts,£48.86,true
0300069693,Candelariella athallina (Wedd.) Du Rietz,Clara Jedrych,£44.07,false
9725313224,Cheilanthes ×fibrillosa (Davenport) Davenport ex Underw. (pro sp.),Vin Morfett,,true
3910540821,Solanum umbelliferum Eschsch. var. incanum Torr.,Edward Crosoer,,false
5382073716,Penstemon immanifestus N.H. Holmgren,Roddy Genery,£42.19,true
2105834361,Soliva Ruiz & Pav.,Shoshanna Byfield,£30.88,false
8035374133,Nyssa ursina Small,Ronny Lowden,£46.03,true
8031339619,Allium bisceptrum S. Watson,Sam Catling,£63.40,false
2269765486,Lepidium strictum (S. Watson) Rattan,Maddy Taffley,£23.19,true
2978093862,Eriogonum breedlovei (J.T. Howell) Reveal,Bren Sheppey,£22.81,true
2956960628,Hygrohypnum smithii (Sw. Broth.,Jacquenette Jury,£36.12,true
2348396084,Calycera Cav.,Hyacinthia Jozefowicz,£70.78,true
2704986150,Yucca gloriosa L.,Pietra Latimer,£68.67,true
0726155659,Origanum L.,Maximilianus Havercroft,,true
6551335241,Dichaea Lindl.,Melli Byard,£29.10,true
5421260976,Quercus virginiana Mill.,Eyde Coulston,£92.74,true
9378298842,Chamaesyce turpinii (Boiss.) Millsp.,Munmro Monelle,£82.58,false
4826591209,Sedum obtusatum A. Gray ssp. boreale R.T. Clausen,Ennis Linnell,£77.76,false
0082046220,Trichostigma octandrum (L.) H. Walt.,Kimbell McGilleghole,£30.36,true
3165060118,Crataegus forbesiae Sarg.,Aloise Georgescu,£56.32,true
5823509839,Viola palustris L. var. brevipes (M.S. Baker) R.J. Davis,Alyssa Handrick,£87.33,false
1844084701,Hackelochloa Kuntze,Cecilla Wordsworth,,false
4714230239,Spergularia canadensis (Pers.) G. Don,Roley Entreis,£53.15,true
0690160860,Fumaria L.,Tildie Slora,£97.82,false
5361244880,Isoetes ×jeffreyi D.M. Britton & D.F. Brunton,Delia Parlatt,,false
3711629636,Cynodon nlemfuensis Vanderyst var. robustus W.D. Clayton & Harlan,Beulah Koeppke,£77.76,false
8702700816,Pycnanthemum pycnanthemoides (Leavenworth) Fernald,Arlena Orme,£78.17,true
3017148262,Buellia stigmatea Körb.,Nadiya Bome,£75.38,true
6537977584,Tonestus graniticus (Tiehm & L.M. Shultz) G.L. Nesom & D. Morgan,Daryl Rosellini,£67.49,true
9932759864,Asplenium rhomboideum Brack.,Georgy Wreakes,£76.32,true
9523875434,Potentilla glandulosa Lindl. ssp. arizonica (Rydb.) D.D. Keck,Jolene Santry,£79.92,false
1785887505,Aplectrum Torr.,Jeno Dashper,£31.96,false
3653695732,Githopsis pulchella Vatke ssp. pulchella var. glabra (Jeps.) Morin,Yorgos Vayne,£41.06,true
8532836585,Citrus ×aurantium L. (pro sp.),Ceil Egdal,£60.73,false
5511478598,Festuca rubra L. ssp. pruinosa (Hack.) Piper,Rey Widdowes,£80.57,false
3486588141,Perityle huecoensis A. Powell,Patton Eiler,£59.33,false
9529749406,Viola psychodes Greene,Flynn Cranmer,£52.63,true
6627873249,Fioria Mattei,Yuri Groneway,£48.40,true
0144892324,Lycoris radiata (L'Hér.) Herb.,Guy Perch,£42.53,false
6343310665,Cirsium kamtschaticum Ledeb. ex DC.,Pierette Brydson,£52.48,true
7764169005,Eragrostis bahiensis Schrad. ex Schult.,Wilma Howey,£88.68,true
3196453936,Agnorhiza reticulata (Greene) W.A. Weber,Emelda Boughen,£62.88,false
4009118539,Physalis walteri Nutt.,Janek Malthouse,£44.13,true
8941609313,Phyllanthus juglandifolius Willd.,Jere Mill,£43.86,true
5865606328,Xanthoceras Bunge,Nev Nichol,£25.36,true
1522587004,Phacelia bolanderi A. Gray,Charlotta Vassano,£24.93,false
1683510127,Remya mauiensis Hillebr.,Elspeth Langham,,false
0083633979,Medicago scutellata (L.) Mill.,Ephrem Brickett,£89.24,true
5425732473,Barbula coreensis (Cardot) K. Saito,Adamo Jeakins,£26.43,false
2578861080,Astragalus bourgovii A. Gray,Vera Khidr,£44.62,true
0034020608,Chamaesyce clusiifolia (Hook. & Arn.) Arthur,Brook Chinnick,£51.23,true
4879643785,Eriogonum jamesii Benth. var. xanthum (Small) Reveal,Vinni Ipsgrave,£74.42,false
6290293559,Synthyris reniformis (Douglas ex Benth.) Benth. var. reniformis,Cherise Smart,,false
6529043845,Artemisia biennis Willd. var. biennis,Marguerite Perllman,£41.92,true
6756057324,Dicranum fuscescens Turner var. fuscescens,Andreana Brinded,£43.72,true
8057230649,Sida glomerata Comm. ex Cav.,Neala McGougan,,true
7823331667,Melicope haupuensis (H. St. John) T.G. Hartley & B.C. Stone,Candice Grogan,£71.09,false
1191169545,Buellia novomexicana de Lesd.,Aida Lorenc,£38.44,false
6631704553,Arabis lyallii S. Watson var. lyallii,Bourke Emmert,,true
3120886947,Stenotaphrum Trin.,Paolo Reiach,£85.01,false
7753736256,Galeopsis ladanum L.,Leta Atherton,,false
7136013348,Collema pustulatum Ach.,Bealle Legan,£72.71,false
8938364658,Angelica scabrida Clokey & Mathias ex Clokey,Arleta Galea,£52.05,true
8714669404,Bryum gemmiparum De Not.,Llewellyn Cassels,£51.58,false
7340404740,Fagopyrum tataricum (L.) Gaertn.,Jessica Jurges,,true
6920573849,Conradina etonia Kral & McCartney,Eliot D'Alwis,£89.68,true
2912306701,Chaenotheca chrysocephala (Turner ex Ach.) Th. Fr.,Daphna Espinel,£78.47,true
7991555488,Pteridium aquilinum (L.) Kuhn,Ronica Grundey,£50.80,true
7820825774,Juncus drummondii E. Mey. var. drummondii,Krystalle Cawthery,£69.67,false
4653970025,Carex oklahomensis Mack.,Nadya Folkerd,£22.16,true
6841066456,Fimbristylis autumnalis (L.) Roem. & Schult.,Robbie Pentland,£79.74,false
6983004558,Thelypteris reptans (J.F. Gmel.) Morton var. reptans,Karlik Vibert,£42.04,true
7238977737,Opuntia basilaris Engelm. & J.M. Bigelow var. basilaris,Minta Samet,£88.82,false
4422908405,Pellaea mucronata (D.C. Eaton) D.C. Eaton,Mimi Paulino,£42.40,false
2961922526,Grusonia schottii (Engelm.) H. Rob.,Kristyn Thyer,£30.92,true
9579071071,Marantochloa cuspidata (Roscoe) Milne-Redh.,Hill Schwand,£69.14,false
0479854580,Mertensia umbratilis Greenm.,Loralyn Cassella,£72.72,false
5725921808,Penstemon bryantiae D.D. Keck,Kore Double,£79.39,false
7227180891,Lupinus pilosus L.,Kinna Marlin,£61.32,true
1822646014,Carex macrostachys Bertol.,Addy Heaker,£59.75,false
3689294991,Chamaesyce cinerascens (Engelm.) Small,Lou Fairpool,£86.11,true
1068875380,Gilia sinuata Douglas ex Benth.,Ephraim Olsen,£28.39,false
3409512683,Quararibea Aubl.,Iolanthe Desouza,£49.23,false
7180202258,Iris virginica L. var. virginica,Sheena Flay,£20.76,false
6864137066,Pertusaria hymenea (Ach.) Schaerer,Sofie Hargey,£77.20,false
4197624018,Carex laevivaginata (Kük.) Mack.,Golda Woolveridge,£96.70,false
7381700050,Carex globosa Boott,Mackenzie Waywell,,true
8008816465,Hieracium greenei A. Gray,Mose Kilgrove,£73.01,false
1778647790,Eriophorum ×pylaieanum Raymond,Lindy Rudham,,false
1090321384,Penstemon caespitosus Nutt. ex A. Gray,Yard Bleackly,£24.46,true
6624155086,Ichnanthus tenuis (J. Presl) Hitchc. & Chase,Arny Jermy,£38.30,true
4407111690,Rorippa columbiae (Suksd. ex B.L. Rob.) Suksd. ex Howell,Vlad Workman,£95.76,true
6896066164,Trichomanes kapplerianum Sturm,Bianca Sinott,£97.29,false
2561750612,Heterotheca villosa (Pursh) Shinners var. pedunculata (Greene) V.L. Harms ex Semple,Eddie McCurrie,£77.02,true
1895972515,Eriogonum nudum Douglas ex Benth. var. paralinum Reveal,Sybyl Fotheringham,£79.42,true
5897772398,Callicarpa dichotoma (Lour.) K. Koch,Aurilia Maton,£93.81,false
6788103054,Carex timida Naczi & B.A. Ford,Vyky Dungey,,false
2198934760,Luzula fastigiata E. Mey.,Desdemona Lerer,,false
9998137179,Enneapogon Desv. ex P. Beauv.,Othelia Arkle,£45.80,true
4144139085,Trifolium willdenovii Spreng.,Deerdre Durrance,,false
5889175416,Palicourea guianensis Aubl.,Phoebe Plumley,£98.27,true
6548825772,Gyrostomum Fr.,Maddy MacLucais,£82.78,false
4208514027,Erigeron filifolius (Hook.) Nutt. var. filifolius,Adan Baumber,,true
3358935876,Amelanchier sanguinea (Pursh) DC.,Thorpe Pennicard,£70.13,true
4907496028,Hirtella L.,Gottfried Zellner,£71.10,true
3324260205,×Sorbaronia jackii Rehder,Denna Keers,£67.99,false
6679024285,Linum austriacum L.,Vin Danzig,£75.07,true
5611954227,Centaurium quitense (Kunth) B.L. Rob.,Vikky Espie,£58.81,false
8860019362,Condalia globosa I.M. Johnst. var. pubescens I.M. Johnst.,Kordula Speirs,£56.67,true
7380560581,Androsace chamaejasme Wulfen,Madelaine Eayrs,£32.88,true
4393032373,Lupinus cusickii S. Watson ssp. brachypodus (Piper) Cox,Dionisio Hartnell,£85.16,false
1950202739,Arrhenatherum elatius (L.) P. Beauv. ex J. Presl & C. Presl var. bulbosum (Willd.) Spenner,Karisa Munnery,£65.58,true
6844274092,Astragalus cottonii M.E. Jones,Elga Passingham,£37.48,false
4723260382,Potentilla subviscosa Greene var. subviscosa,Krista Swains,£85.91,true
7109486877,Hydrocleys Rich.,Alvy Armell,£62.05,false
9808527582,Juncus biglumis L.,Lynea McCathie,£89.39,true
5021161245,Gaura neomexicana Wooton ssp. coloradensis (Rydb.) P.H. Raven & Gregory,Elena Prewett,£29.48,false
0563390670,Solanum douglasii Dunal,Babara Bibb,£95.56,true
4452457258,Panicum alatum F. Zuloaga & O. Morrone,Eldridge Fish,,true
0716008742,Ribes thacherianum (Jeps.) Munz,Prescott Tyrie,£62.90,false
4800407516,Eleocharis olivacea Torr.,Kiersten Truscott,£81.73,false
5891242249,Primula mistassinica Michx.,Grete Tomasino,£41.46,true
8624190622,Achnatherum swallenii (C.L. Hitchc. & Spellenb.) Barkworth,Claiborn Menhenitt,£95.13,true
8079217769,Lathyrus sulphureus W.H. Brewer ex A. Gray var. argillaceus Jeps.,Pavel Cardozo,£52.41,false
4101563063,Mertensia franciscana A. Heller,Manon Sorro,£86.41,true
9120054335,Carphochaete A. Gray,Delmar Christofor,£50.15,true
9488558059,Lupinus L.,Reginald Hutchens,£86.78,false
1603190988,Cheilanthes viridis (Forssk.) Sw.,Lulu Omond,£58.03,true
7327768254,Agrostis exarata Trin.,Arri Serotsky,£56.15,false
4043032919,Bunium L.,Broddy Soulsby,£77.73,true
7874234634,Trachelospermum Lem.,Andie Stockney,£53.52,true
9736992535,Senna sulfurea (DC. ex Collad.) Irwin & Barneby,Staffard Ciccotti,£34.63,false
4218935319,Thelocarpon hassei de Lesd.,Malvina Filshin,£55.33,true
4181186997,Dicerandra odoratissima Harper,Heriberto Langer,£70.79,true
9647538758,Lecanora kariana Rasanen,Zechariah Pickerell,£70.54,true
2564066720,Pyrgillus Nyl.,Clemmy Dunkerly,£78.77,false
9678168987,Condalia correllii M.C. Johnst.,Gasper Clemmitt,£91.77,true
9701433971,Celosia trigyna L.,Jaquelyn McCardle,£29.82,false
7445398775,Tripogandra serrulata (Vahl) Handlos,Gregory Hayton,£25.22,false
1614615861,Asterothyrium Müll. Arg.,Saul Sheers,£61.66,false
6543262400,Dubautia latifolia (A. Gray) D.D. Keck,Tiebout Ommundsen,£91.90,false
7158563448,Racomitrium ericoides (F. Weber ex Brid.) Brid.,Dame Wabe,£41.16,true
4955119751,Ipomopsis polyantha (Rydb.) V.E. Grant,Tiffany Barnwille,,false
8455052139,Brachiaria (Trin.) Griseb.,Cariotta Plumridge,£63.75,false
7606274045,Astragalus ampullarius S. Watson,Astra Vlasyev,£65.24,false
8667442224,Phellodendron Rupr.,Zara Mackley,£82.64,false
5346462414,Asclepias longifolia Michx.,Keslie Lannin,,true
8436385632,Oenothera cavernae Munz,Tanya Labdon,£82.93,false
1685566731,Oryza rufipogon Griffiths,Reggie Frango,£86.68,false
3088224263,Cyphelium sessile (Pers.) Trevis.,Kipp Smithen,£84.13,false
8053603602,Stachys bullata Benth.,Fanny Depper,£64.17,true
4759403779,Baccharis vanessae R.M. Beauch.,Ashil Dyson,£24.90,true
8836296947,Gaylussacia brachycera (Michx.) A. Gray,Valida Pinchin,£26.60,true
0423483773,Arabis williamsii Rollins var. saximontana (Rollins) Rollins,Merrill MacGillicuddy,£99.21,true
5556283923,Ranunculus acriformis A. Gray var. acriformis,Ingelbert Powder,£99.37,false
4610297604,Tamarindus L.,Cordey Linfitt,£72.74,false
5634740452,Abutilon megapotamicum (A. Spreng.) A. St.-Hil. & Naudin,Evangelin Phinnessy,£68.32,true
3341664718,Nama stenocarpum A. Gray,Kimmie Vigours,£40.03,true
2454572524,Rubus geniculatus Kaltenb.,Ernst Emett,£87.52,false
8533926758,Miconia tetrastoma Naud.,Gertie Harfleet,£52.66,true
8504393240,Lesquerella tenella A. Nelson,Mehetabel Padberry,£26.86,true
8956939160,Arctostaphylos hookeri G. Don,Sheelagh Bligh,£91.75,true
2948901588,Arnica unalaschcensis Less.,Frederique Dearan,£74.62,true
3988616958,Pohlia elongata Hedw. var. elongata,Patrick Bronger,£58.37,true
2054825662,Nylandtia spinosa (L.) Dumort.,Tyrone Vise,£38.72,true
8971650850,Ceanothus griseus (Trel.) McMinn,Marla Bradly,£62.17,false
2932822551,Digitaria milanjiana (Rendle) Stapf,Cecilia Baldam,£67.29,false
9214577005,Cardamine hirsuta L.,Ruprecht Drogan,,true
6738171978,Cecidonia Treibel & Rambold,Cary Slaght,,false
4644554928,Petalonyx thurberi A. Gray ssp. gilmanii (Munz) Davis & H.J. Thomp.,Lindsay Lopes,£88.57,false
4518007581,Xylorhiza glabriuscula Nutt. var. villosa (Nutt.) A. Nelson,Celestia Cokly,£63.09,true
7389888806,Chorizanthe R. Br. ex Benth.,Hyacinthia Mintrim,,false
2325003507,Triticum turgidum L.,Alfie Teresia,£25.72,false
6978032492,Porotrichum (Brid.) Hampe,Hali Sandilands,£67.32,true
0981320791,Carex whitneyi Olney,Linoel Shortt,,false
8368484480,Chaenothecopsis pusiola (Ach.) Vain.,Danica Whyard,£24.62,false
1065636296,Bryum Hedw.,Ammamaria Audley,£46.40,true
9623731299,Trifolium boissieri Guss. ex Soy.-Will. & Godr.,Mechelle Bruyntjes,£55.78,true
7875029279,Keckiella lemmonii (A. Gray) Straw,Bary Pirt,,true
6446488289,Lysimachia ×producta (A. Gray) Fernald (pro sp.),Vivia Ranner,£87.37,true
8392065298,Lithophragma affine A. Gray ssp. mixtum R.L. Taylor,Annaliese Thyer,£23.27,false
9937850592,Collema nigrescens (Huds.) DC.,Harv Aynscombe,£82.94,false
4495571656,Symphyotrichum prenanthoides (Muhl. ex Willd.) G.L. Nesom,Mathian Mandrey,,false
8476868650,Verbena hastata L. var. hastata,Celestina Bailess,£22.35,false
5178937414,Helianthus heterophyllus Nutt.,Natala Bussens,£41.85,false
9237089899,Epilobium lactiflorum Hausskn.,Emmit Klampt,£71.77,false
2704248990,Crocus sieberi J. Gay,Annamarie Preston,£68.72,true
6699995146,Marsilea macropoda Engelm. ex A. Braun,Pammi Faircley,£52.94,true
1231896191,Paronychia montana (Small) Pax & K. Hoffm.,Joell Tixall,£37.25,false
9787234808,Anulocaulis eriosolenus (A. Gray) Standl.,Daisey Salsbury,£98.41,false
7026443410,Tragia nepetifolia Cav.,Fulton Coales,£69.82,false
5049219477,Verbena runyonii Moldenke,Olimpia Ghidoli,£49.45,false
8804578882,Leskea obscura Hedw.,Addy Lucock,£53.79,true
4290620426,Didymodon reedii H. Rob.,Emmy MacScherie,£76.88,true
7345345068,Smilax pseudochina L.,Chiarra Dearle,£67.68,true
6495753985,Prenanthes boottii (DC.) A. Gray,Tess Fleming,£60.76,false
0865926395,Khaya senegalensis (Desr.) A. Juss.,Elmer Addyman,£34.97,true
6789293922,Adenophyllum Pers.,Verene Kassman,£68.15,true
2655339533,Scutellaria tuberosa Benth.,Cecilio Minchinden,£36.87,false
4648486668,Gyroweisia reflexa (Brid.) Schimp.,Lombard Gaspero,£79.31,false
1706245955,Bactrospora A. Massal.,Tull Ibbotson,£46.54,true
9880723120,Ribes cereum Douglas,Isabelle Copins,,true
5822918530,Euphrasia disjuncta Fernald & Wiegand,Crichton Maffy,£72.62,false
1063704162,Stenandrium dulce (Cav.) Nees var. dulce,Dean Trevers,£44.53,true
2036164226,Pityrogramma trifoliata (L.) R. Tryon,Leonie Broxton,£82.53,false
6082429397,Machaeranthera canescens (Pursh) A. Gray ssp. glabra (A. Gray) B.L. Turner var. aristata (Eastw.) B.L. Turner,Dru Maslin,£58.83,false
5643720108,Elymus gmelinii (Ledeb.) Tzvel.,Miof mela Smellie,,true
4722541418,Rubus aboriginum Rydb.,Auria Brennon,£60.28,false
5453330449,Dubautia kenwoodii G.D. Carr,Sadye Boecke,£35.97,true
3959425341,Festuca rubra L. ssp. mediana (Pavlick) Pavlick,Redford Lordon,,false
4082252614,Platanthera ×bicolor (Raf.) Luer (pro sp.),Lilla Byrom,£72.89,true
4780489296,Arthonia palmulacea (Müll. Arg.) R. Sant.,Aguie Breadmore,,false
0460880349,Geranium sylvaticum L.,Clevey Fawckner,£44.90,false
0501321691,Coleanthus subtilis (Tratt.) Seidel,Christine Braidley,£73.84,false
3023393680,Pyrenocollema caesium (Nyl.) R.C. Harris,Nicolas Tarbert,£36.08,true
0902163493,Asplenium trichomanes L. ssp. trichomanes,Zorana Ruspine,£99.17,false
7308775801,Ipomoea cairica (L.) Sweet,Vernen Gyles,,false
8945777946,Dudleya verityi K.M. Nakai,Camilla Swaysland,£61.05,false
4882530686,Brachypodium sylvaticum (Huds.) P. Beauv.,Gloria Bartoshevich,£60.58,true
1129531635,Amsonia Walter,Alphonso Radki,£63.92,true
2985310571,Rhizocarpon pusillum Runem.,Hanni Necolds,£28.33,false
9661964572,Frasera parryi Torr.,Benson Chattey,£68.43,true
4926335255,Tetradymia stenolepis Greene,Cece Bouts,£82.02,true
8202834414,Xyris complanata R. Br.,Bethina Gratton,£57.66,false
0801695856,Opuntia macrorhiza Engelm.,Mehetabel Ferronier,£20.62,true
1404772332,Polyblastia gelatinosa (Ach.) Th. Fr.,Jedediah Gallier,£28.81,true
0650906780,Clianthus Sol. ex Lindl.,Alyosha Cutchie,£33.88,true
5627761520,Oemleria cerasiformis (Torr. & A. Gray ex Hook. & Arn.) Landon,Marlane Jinkins,£31.38,false
9420308456,Ceanothus cuneatus (Hook.) Nutt. var. cuneatus,Cullin Cricket,£81.96,false
4721780451,Najas minor All.,Glenn Reihill,£78.46,true
4480424733,Gymnostyles Juss.,Brnaby Shoesmith,£46.03,true
1184436843,Dalea versicolor Zucc. var. sessilis (A. Gray) Barneby,Renato Ronnay,£72.82,true
5094396099,Cruciata laevipes Opiz,Torrin Drioli,£38.32,true
4155836033,Poa leptocoma Trin.,Deck Talbot,£78.40,true
1728812976,Clermontia peleana Rock ssp. singuliflora (Rock) Lammers,Meggy Alan,£23.32,true
1476795185,Eupatorium rotundifolium L. var. ovatum (Bigelow) Torr.,Gay Giovanazzi,£21.69,false
2628569876,Salix ×jamesensis Lepage,Analiese Magovern,£52.43,true
2734821621,Umbilicaria torrefacta (Lightf.) Schrad.,Antoinette Trillo,£38.07,true
2517554102,Calyptranthes kiaerskovii Krug & Urb. [excluded],Della Caudelier,£82.44,true
8053356729,Rosmarinus L.,Sebastiano Tolson,£35.33,true
0048655821,Thelypodiopsis vermicularis (S.L. Welsh & Reveal) Rollins,Sonnie Como,£43.08,false
1902068866,Lomatium triternatum (Pursh) J.M. Coult. & Rose var. anomalum (M.E. Jones ex J.M. Coult. & Rose) Mathias,Tammie Bragginton,£55.93,false
2387156277,Racomitrium lawtonae Irel.,Marie Tuckerman,£63.57,true
8792069061,Hesperocyparis forbesii (Jeps.) Bartel,Rozalie Luchetti,£93.37,false
0144028522,Hieracium schultzii Fr.,Carita MacGillacolm,£45.75,false
6292944158,Pectis papposa Harv. & A. Gray var. papposa,Thor Pietasch,£29.90,true
4228328873,Solanum heterodoxum Dunal,Duane Hodgins,£73.27,false
2138002667,Anthoxanthum monticola (Bigelow) Veldkamp,Cecile Squibe,£28.64,false
2745573810,Lobelia floridana Chapm.,Tove Rofe,£88.53,false
4447253038,Stachys sylvatica L.,Julienne Dainter,£88.16,false
8637754872,Githopsis pulchella Vatke,Sharleen Willman,£63.93,true
7570810821,Rubus setosus Bigelow,Valentine Debold,£23.81,false
4315739944,Allium textile A. Nelson & J.F. Macbr.,Chane Trott,£51.06,true
5519958556,Jacquemontia Choisy,Kevina Bentson,£30.91,false
5743597626,Plumeria alba L.,Lionello Daldan,£77.26,false
3548818390,Geranium richardsonii Fisch. & Trautv.,Dulcy Oswell,£37.55,false
3905420260,Bulbothrix isidiza (Nyl.) Hale,Lisa Gutierrez,£93.48,false
9783721208,Arthopyrenia malaccitula (Nyl.) Zahlbr.,Dunstan Belliard,£52.41,false
3873363852,Vallesia antillana Woodson,Karen Tedahl,£63.32,false
0511881142,Sidalcea ranunculacea Greene,Gretel Lyte,£60.70,true
3241806081,Cyphelium Ach.,Garner Francello,,true
8082351659,Monardella undulata Benth.,Pollyanna Dutch,£30.11,false
4000710176,Ceanothus sonomensis J.T. Howell,Emelen Purcell,£44.98,true
3194201298,Dicerandra densiflora Benth.,Wesley Orlton,,true
1361418435,Rubus trux Ashe,Ellene Elsby,£51.91,true
5853503987,Rosa palustris Marshall,Emmalynn Offill,£58.65,false
0983375313,Dichanthelium clandestinum (L.) Gould,Krystle Robins,£55.63,true
7384195519,Sicyos albus (H. St. John) Telford,Giles Yakobowitz,£66.93,false
6103076390,Croton flavens L.,Dalis Bumfrey,£55.30,true
7198138055,Ambrosia dumosa (A. Gray) Payne,Mikey Baxter,£39.01,true
8792468950,Streblus anthropophagorum (Seem.) Corner,Sandor Bryning,£96.70,false
2791528415,Smilax jamesii G. Wallace,Kendal Guile,£27.60,true
2435637314,Frasera albicaulis Douglas ex Griseb. var. cusickii (A. Gray) C.L. Hitchc.,Shaun Jakov,£89.14,true
2093398125,Opuntia camanchica Engelm. & J.M. Bigelow,Fulton Faust,,true
1446321231,Pediomelum argophyllum (Pursh) J. Grimes,Melodee Dunk,£25.58,false
4002818896,Forestiera segregata (Jacq.) Krug & Urb.,Ollie Kettlesting,£89.55,true
4753338347,Navarretia willamettensis S.C. Spencer,Freeland Tregaskis,£64.86,false
8232619945,Schoenoplectiella erecta (Poir.) Lye,Venus Sterland,£98.30,false
5366343550,Baptisia bracteata Muhl. ex Elliott var. leucophaea (Nutt.) Kartesz & Gandhi,Milka Blethin,£84.33,true
1360611584,Phoradendron anceps (Spreng.) G. Maza,Jamill Skeermer,£37.79,false
0020989385,Trema cannabina Lour. [excluded],Jennie Do Rosario,£76.53,true
4525966335,Saxifraga bryophora A. Gray var. tobiasiae J. Grimes & Packard,Olive Darter,£72.79,true
6786790984,Marattia douglasii (C. Presl) Baker,Fara Quigley,£45.57,true
7050837261,Prunus ×palmeri Sarg. (pro sp.),Inga Weatherup,£80.90,false
7648970562,Viola pedata L.,Hogan Rushton,£20.82,true
1663498296,Quercus ×bimundorum Palmer,Jermain Kirwood,£70.40,true
9696020031,Valerianella longiflora (Torr. & A. Gray) Walp.,Wynny Bes,£56.97,false
2923028961,Arundinaria amabilis McClure,Dominique Tysall,£21.99,true
0246614374,Cryphaea ravenelii Austin,Harmonie Selbie,£27.00,true
8698921795,Calyptranthes portoricensis Britton,Merralee Battson,£35.36,true
3338096925,Lychnis L.,Berkeley Clancey,£70.49,false
5166047192,Juncus castaneus Sm. ssp. leucochlamys (Zing. ex Krecz.) Hultén,Odella Raitt,£32.28,false
4790507602,Myrrhis odorata (L.) Scop.,Elliott Tailour,,true
4961258679,Astragalus newberryi A. Gray var. escalantinus Barneby,Natale Furmenger,£30.38,true
2877527344,Cymopterus spellenbergii R.L. Hartm. & J.E. Larson,Candida Arpe,£41.09,true
2268204030,Celtis caucasica Willd.,Alfie Sparey,£83.42,true
1942086342,Miriquidica garovaglii (Schaerer) Hertel & Rambold,Carmella Corbert,£53.70,true
0653482477,Crassula tillaea Lester-Garland,Bord Leer,£63.37,false
2668950538,Chamaecrista glandulosa (L.) Greene var. mirabilis (Pollard) Irwin & Barneby,West Spadotto,£46.12,true
3580444565,Mentzelia micrantha (Hook. & Arn.) Torr. & A. Gray,Ogden Tree,£59.20,true
0411597736,Tradescantia subaspera Ker Gawl.,Merill Henriet,£60.56,true
9573406705,Lesquerella hemiphysaria Maguire var. hemiphysaria,Anstice Asson,£44.15,false
3134304198,Chamaesyce porteriana Small,Kristo MacKissack,,true
8935019224,Oenothera californica (S. Watson) S. Watson ssp. californica,Hyacinthie Ritelli,£87.99,false
2280648830,Solanum adscendens Sendtn.,Fraser Overstall,£51.43,false
0184997097,Galium hypotrichium A. Gray ssp. tomentellum Ehrend.,Gilbert Ironside,£91.37,false
8623972473,Rumex hymenosepalus Torr.,Lonnie Carss,£79.23,false
3140611234,Eriogonum pauciflorum Pursh var. pauciflorum,Russ Nerheny,,false
8972903035,Verbesina walteri Shinners,Martynne Gammage,£67.84,false
3864393531,Dryopteris nuda Underw.,Dallas MacWilliam,£57.72,false
1795127201,Fabronia ciliaris (Brid.) Brid. var. ciliaris,Martie McArley,£80.17,true
4150694737,Scabiosa ochroleuca L.,Johnathan Lambdin,£92.74,true
8924209396,Annona cherimola Mill.,Kelley Roger,,true
3263082906,Anemone edwardsiana Tharp var. edwardsiana,Isabelita Pettitt,£86.04,false
0212532375,Lupinus arbustus Douglas ex Lindl. ssp. calcaratus (Kellogg) D. Dunn,Candie Nice,£43.85,false
7954838730,Myrcia citrifolia (Aubl.) Urb.,Giulia Lambourne,£65.34,false
8702227444,Thespesia populnea (L.) Sol. ex Corrêa,Ali Baggelley,£28.92,true
9068092456,Vanilla inodora Schiede,Rolf Hartfleet,£92.92,false
0381888525,Nemastylis Nutt.,Halli Hindrich,,false
5514782530,"Pycnanthemum flexuosum (Walter) Britton, Sterns & Poggenb.",Conney Clingan,£52.76,false
6495978057,Astragalus lentiginosus Douglas ex Hook. var. salinus (Howell) Barneby,Codee Mor,£98.73,true
2034155696,Festuca ligulata Swallen,Shermy Hulcoop,£55.93,false
2368291598,Laennecia Cass.,Tobin Linnane,£62.83,false
1733710256,Trifolium apertum Bobrov,Kaleb Aitkin,£78.43,false
7178156597,Dissanthelium californicum (Nutt.) Benth.,Artair Screwton,£51.25,true
6061853955,Rumex bucephalophorus L.,Charmain Naden,£73.13,false
1775275078,Enydra Lour.,Wald Atterbury,£41.48,true
9986968615,Potentilla drummondii Lehm. ssp. breweri (S. Watson) Ertter,Shawna Richel,£68.82,false
5728187307,Pentalinon Voigt,Gavin Revill,£92.52,false
2552308147,Peperomia eekana C. DC.,Elwyn Malkin,£62.72,true
0660803127,Freycinetia mariannensis Merrill,Chantal Flarity,,false
4310505732,Digitaria fuscescens (J. Presl) Henr.,Pall Caldecourt,,true
0247335908,Cetrelia monachorum (Zahlbr.) W.L. Culb. & C.F. Culb.,Chantal Philippon,,true
5470557790,Dicranopteris Bernh.,Hugibert Collisson,,true
9026093292,Fuchsia andrei I.M. Johnst.,Jenelle Darque,£32.04,true
4394866383,Bellemerea diamarta (Ach.) Hafellner & Roux,Maxie Mungan,£51.93,false
5347786566,Romulea Maratti,Radcliffe Have,£69.10,true
9878215237,Malus angustifolia (Aiton) Michx. var. puberula Rehder,Anatollo Sherlaw,£44.07,true
2453312103,Liriope graminifolia (L.) Baker,Shea Gerrad,£48.92,false
5156894445,Asplenium adulterinum Milde,Adelbert Whatson,£31.79,false
1060181851,Fontinalis missourica Cardot,Bailey Wintour,£77.26,false
0091600073,Drymaria cordata (L.) Willd. ex Schult. ssp. cordata,Jacky Wager,,true
4939679381,Pohlia brevinervis Lindb. & Arnell,Lenora Fruish,£59.32,false
6334322427,Galium serpenticum Dempster ssp. scotticum Dempster & Ehrend.,Jenna Trenbey,£78.55,true
3722590337,Cestrum fasciculatum (Schltdl.) Miers,Phillipe Wibberley,£28.23,false
8043004897,Vaccinium ×carolinianum Ashe (pro sp.),Abie Arney,£59.75,false
6542213058,Miconia splendens (Sw.) Griseb.,Shawn Wagstaffe,£77.96,false
0245987355,Annona senegalensis Pers.,Rudolph Drewell,£22.69,false
3565195088,Bryoria subcana (Nyl. ex Stizenb.) Brodo & D. Hawksw.,Randi Wetherald,£36.00,true
8783285407,Lycopodiella caroliniana (L.) Pic. Serm.,Alfi Bend,£26.66,false
7957393268,Lecanora tristiuscula H. Magn.,Desdemona Metzke,,true
4959466766,Penstemon cyananthus Hook. var. subglaber (A. Gray) N.H. Holmgren,Dur Lead,£57.09,true
2385128896,Filipendula rubra (Hill) B.L. Rob.,Kin Ellershaw,£25.44,true
3616219612,Lomatium foeniculaceum (Nutt.) J.M. Coult. & Rose ssp. daucifolium (Torr. & A. Gray) W.L. Theobald,Cart Braden,£91.88,false
5386343963,Lesquerella calcicola Rollins,Waldo Layus,,true
7707948130,Oxalis priceae Small,Carmelia Garter,£30.68,true
5105159160,Cladonia homosekikaica Nuno,Farica Asplin,£91.27,false
5046179229,Cladrastis Raf.,Hatty Gyenes,£37.37,false
2557592978,Chamaesyce ×keyensis Small,Lucretia Melbourn,£51.64,true
8605187778,Yucca brevifolia Engelm. var. jaegeriana McKelvey,Melloney Lohan,,true
8200480445,Elephantopus elatus Bertol.,Titos Pavy,£87.91,false
5200693055,Arctostaphylos parryana Lemmon,Eunice Dorrity,£73.34,false
2905065508,Erythronium montanum S. Watson,Burke Laux,£46.21,true
0746682867,Hieracium ×flagellare Willd. (pro sp.),Vale Woodger,£49.94,false
0041908058,Rubus multifer L.H. Bailey,Ford Gronowe,,false
7161958334,Amelanchier sanguinea (Pursh) DC.,Byron Archbutt,£58.16,false
2710495961,Melpomense A.R. Sm. & R.C. Moran,Dulcinea Mozzini,£41.01,false
6770739852,Streptanthus insignis Jeps. ssp. lyonii Kruckeb. & Morrison,Velma Brunsen,£88.91,false
3026166170,Hemizonia congesta DC.,Gretta Williscroft,£33.93,false
0691564280,Rubus vagus L.H. Bailey,Kathi Wafer,£24.19,false
0807654337,Pteralyxia macrocarpa (Hillebr.) K. Schum.,Otho Vennart,£92.32,true
0439898986,Carex glareosa Schkuhr ex Wahlenb.,Nikolai Brewster,£31.75,false
1610564723,Lobelia appendiculata A. DC. var. appendiculata,Isis Lentsch,£47.05,true
6376190049,Rubus multiformis Blanch.,Damaris Assender,£93.06,false
8172398115,Sisymbrium austriacum Jacq.,Kristoffer Lambrechts,£63.46,true
9012498627,Rhizocarpon intermediellum Rasanen,Casi Fawdrie,£83.59,false
1677749598,Decodon J.F. Gmel.,Christin Earthfield,£69.79,true
8011920839,Gentiana saponaria L. var. latidens House,Tessa Marnane,£92.24,false
1999361067,Thelypteris ovata R.P. St. John var. lindheimeri (C. Chr.) A.R. Sm.,Annelise Ivoshin,£63.03,true
6979627171,Trillium ovatum Pursh,Morgana Chiverstone,£50.92,true
2893848125,Leptogium austroamericanum (Malme) C.W. Dodge,Estelle Wennam,£49.97,false
6401441453,Ambrosia grayi (A. Nelson) Shinners,Tania Kenny,£51.37,true
2087784574,Gordonia Ellis,Ellie Davids,,true
8397899081,Cyperus drummondii Torr. & Hook.,Padriac Wyer,£99.26,false
4604512159,Nymphaea odorata Aiton ssp. odorata,Brody Huffadine,£36.34,true
8762013092,Sporobolus compositus (Poir.) Merr. var. drummondii (Trin.) Kartesz & Gandhi,Sven Beacroft,£70.20,true
7944923182,Pseudogynoxys chenopodioides Kunth,Aurora Venning,£92.46,false
4344607112,Bryum capillare Hedw.,Sollie Canfield,£21.40,true
9326691217,Epilobium nivium Brandegee,Carlee Bretelle,£99.25,true
6905467391,Marshallia legrandii Weakley,Roxana Gittis,£45.37,true
7555386844,Euclidium W.T. Aiton,Verney Glassup,£78.80,true
9000823129,Melampodium strigosum Stuessy,Avrom Pownall,£90.07,true
7921431135,Mentzelia veatchiana Kellogg,Gardie Padula,£77.84,false
4728774430,Chrysopsis godfreyi Semple,Wilone Beedom,£94.57,false
5203309361,Aletris obovata Nash,Denny Gammons,£50.90,false
0682799343,Saccharum robustum E.W. Brandes & Jeswiet ex Grassl [excluded],Teddy Frankcombe,£81.72,false
9560208829,Carex tumulicola Mack.,Isa Judkin,,true
6927698841,Voyria aphylla (Jacq.) Pers.,Josephina Gooday,£45.72,false
4721071183,Salvia mohavensis Greene,Walton Bambrugh,£27.32,false
6940717366,Festuca subulata Trin.,Claus Simanek,£87.04,true
0848123565,Eryngium planum L.,Claudina Quarlis,£79.76,true
7793712250,Hydnocarpus Gaertn.,Tanya McGeaney,£95.63,false
8601518540,Saxifraga flagellaris Willd. ex Sternb. ssp. flagellaris Willd. ex Sternb. [excluded],Milissent Loughlin,£86.53,true
2146212594,Eleocharis nigrescens (Nees) Steud.,Delmore Pook,£31.30,true
7972947856,Silene sibirica (L.) Persoon,Birgit Sywell,£92.83,false
8262305809,Carex hormathodes Fernald,Mikkel Barclay,£80.18,false
2419051734,Synsepalum stipulatum (Radlk.) Engl.,Loraine Kinver,£42.50,false
0181278022,Asclepias emoryi (Greene) Vail,Quinta Loftus,£79.38,false
4955876943,"Oenothera clelandii W. Dietr., P.H. Raven & W.L. Wagner",Lonni Togher,£58.59,false
7548669704,Cryptantha creutzfeldtii S.L. Welsh,Rosemaria Ganders,£75.44,true
7974253932,Penstemon longiflorus (Pennell) S.L. Clark,Raye Dobbs,£33.70,true
4057492941,Euchiton involucratus (G. Forst.) Holub,Vinita Ragbourn,£61.80,false
4260220845,Schoenoplectiella Lye,Donni Orneblow,£20.63,true
1406087890,Acarospora fuscata (Schrad.) Arnold,Sam Popescu,£53.28,false
8446961725,Trichodon Schimp.,Jud Maiklem,£90.27,false
2568242299,Avicennia L.,Vivia Dolan,£55.91,true
0487352394,Mammillaria thornberi Orcutt,Sheelah Tuckey,£80.27,false
3012418741,Pediomelum linearifolium (Torr. & A. Gray) J. Grimes,Carlen Atyeo,£20.85,true
9447123775,Chorizanthe staticoides Benth.,Kippie Jeanet,£73.21,true
5051724922,Bombax L.,Kelvin Osant,£73.80,true
2945838621,Penstemon deustus Douglas ex Lindl. var. deustus,Kanya Cottingham,£27.17,false
5293688847,Festuca L.,Vick Elfes,£75.72,false
1924075814,Peperomia membranacea Hook. & Arn.,Brandy Gumly,,true
2430502844,Aliciella pinnatifida (Nutt. ex A. Gray) J.M. Porter,Nata Grigori,£98.66,false
9515076056,Echinocereus ×roetteri (Engelm.) Rümpler,Augustus Hardwick,£51.05,true
4497188108,Flourensia cernua DC.,Gabi Gyer,£32.60,false
2509079247,Polygala nitida Brandegee var. nitida Brandegee [excluded],Aurilia Packwood,£80.93,true
0031566952,Sidalcea hickmanii Greene ssp. anomala C.L. Hitchc.,Tally Salway,£76.35,false
7101052789,Linaria purpurea (L.) Mill.,Emmott Inchley,£49.41,false
1642955655,Rajania cordata L.,Kara-lynn Guiraud,£57.78,false
6302441994,Lecanora albula (Nyl.) Hue,Rodger McCoish,£82.11,false
1190014882,Chaenactis glabriuscula DC.,Romola Coweuppe,£85.42,true
2160186678,Plumbago auriculata Lam.,Eamon Echallier,£22.46,false
9325232669,Tiquilia Pers.,Madelyn Lipprose,£22.66,true
8888083952,Usnea retifera Mot.,Electra Bramford,£38.53,true
1742592325,Delphinium tricorne Michx.,Ferdinand Wilmington,£36.27,true
6909257529,Pedicularis langsdorffii Fisch. ex Stev. ssp. arctica (R. Br.) Pennell,Bartlet Innot,£40.56,true
5729298579,Gratiola viscidula Pennell,Bryn Mountlow,£54.88,true
1497140129,Viola pubescens Aiton,Giorgi Risebarer,£56.62,false
2157885587,Lecanora argentata (Ach.) Malme,Magdalen Albury,£78.38,false
4396601875,Liatris punctata Hook.,Gratiana Alberti,,true
6201572643,Lampranthus N.E. Br.,Eulalie Kose,£62.38,true
2896370153,Ficus vogelii (Miq.) Miq.,Daryl Hradsky,£90.42,true
8307219566,Phlox pilosa L.,Rosana Burrell,£92.44,false
9948146808,Lecania brunonis (Tuck.) Herre,Rickie Cousin,£55.53,true
4892078654,Carpinus caroliniana Walter ssp. virginiana (Marshall) Furlow,Zackariah Haddington,£24.01,true
2049401493,Neobeckia Greene,Dominik Roddie,£46.61,false
0828743843,Pulsatilla Mill.,Ethelin Helbeck,£77.44,true
9981277673,Arabis platysperma A. Gray var. platysperma,Madel Bretton,£63.77,true
6344327103,Geranium yeoi Aedo & Muñoz Garm.,Kaylee Woodage,£82.15,false
9406458616,Symphyotrichum oolentangiense (Riddell) G.L. Nesom var. poaceum (Burgess) G.L. Nesom,Derrik Gales,£98.52,true
1315988232,Lawsonia L.,Trenna Cutten,£35.54,false
5980306307,Peltigera venosa (L.) Hoffm.,Woody Kobes,£57.46,true
1207127116,Fendlera wrightii (A. Gray) A. Heller,Darnell Minifie,£29.58,false
0176342052,Buellia calcariaecola de Lesd.,Eveleen Skeleton,£54.23,true
1652497706,Venidium Less.,Barbara Avrahamoff,£54.08,false
7341846151,Hibiscus schizopetalus (Dyer) Hook. f.,Shirline Matczak,£88.02,true
4070772111,Jaegerina Müll. Hal.,Mae Neill,£98.97,false
7959294844,Lycopodiella caroliniana (L.) Pic. Serm.,Berkeley Mungin,£20.62,true
5915923860,Hygroryza Nees,Hobey Brinkworth,£65.30,false
1279174420,Hieracium gracile Hook.,Stavro De Ruggiero,£83.69,true
8498855896,Carlowrightia arizonica A. Gray,Chrissie Bilofsky,,true
3276410362,Mimosa borealis A. Gray,Branden Ciccotto,£24.67,false
7901437731,Hymenoxys hoopesii (A. Gray) Bierner,Dianna Summons,£95.27,false
5336593028,Phyllostegia racemosa Benth.,Kathleen Adamo,£48.87,false
9027272204,Myrcia paganii Krug & Urb.,Allyce Leahy,£38.65,true
0662045726,Berlandiera lyrata Benth.,Cirillo Rushbury,£68.45,false
5742011121,Cedrus Trew,Esteban Osmond,,false
7053373703,Tylophoron protrudens Nyl.,Enoch Mathelin,£60.76,true
5010281333,Sida fallax Walp.,Malissa Mancell,£29.24,false
5321048819,Rhynchospora decurrens Chapm.,Georgia Mulbry,£84.60,true
0286315009,Trifolium parryi A. Gray ssp. parryi,Hanni Moules,£28.45,true
2392673020,"Lepidium hirtum (L.) Sm., nom. inq.",Duky Layton,£93.60,false
1025933060,Pertusaria chiodectonoides Bagl. ex A. Massal.,Sylvan Foottit,£24.20,true
4527809571,Clematis reticulata Walter,Bert Stetson,£67.83,false
9138468344,Delphinium variegatum Torr. & A. Gray ssp. kinkiense (Munz) Warnock,Fanchon Bavidge,£28.45,true
9711698773,Pannaria rubiginosa (Ach.) Bory,Cointon Kubes,£40.46,true
2930822600,Gesneria viridiflora (Decne.) Kuntze ssp. sintenisii (Urb.) L. Skog,Englebert Bodleigh,,false
2794838504,Carex brunnea Thunb.,Dennie Pinare,£88.43,false
5932199792,Matricaria discoidea DC.,Domeniga Labrum,£30.08,true
8544928943,Packera macounii (Greene) W.A. Weber & Á. Löve,Katya Belison,£64.45,true
8952535146,Descurainia sophia (L.) Webb ex Prantl,Clint Shenton,£74.34,true
1723356743,Cardamine bulbifera (L.) Crantz,Alex Britt,£57.72,false
0901199168,Drepanocladus simplicissimus Warnst.,Alberto Halpen,£79.44,true
5640761849,Lecanora piniperda Körb.,Mickey Healy,£77.35,true
4537700173,Trifolium andersonii A. Gray ssp. monoense (Greene) J.M. Gillett,Gnni Maffucci,£96.34,false
8629077875,Eriogonum maculatum A. Heller,Rollins Stanett,£70.72,false
3942100924,Mimulus viscidus Congd. ssp. constrictus (A.L. Grant) Munz,Gris Fulleylove,£32.16,true
7970425941,Cistanthe parryi (A. Gray) Hershkovitz var. arizonica (J.T. Howell) Kartesz & Gandhi,Jolene Parnell,£50.15,false
3117191658,Lotus argyraeus (Greene) Greene var. multicaulis (Ottley) Isely,Jamima Leese,£91.82,true
9876619454,Rubus macvaughii L.H. Bailey,Findlay Litel,£56.71,false
0235212709,Dryas drummondii Richardson ex Hook. var. drummondii,Elvina Slay,£93.93,false
3624863975,Lepisorus thunbergianus (Kaulf.) Ching,Feliks Escala,£63.42,false
0876919727,Bothriochloa insculpta (Hochst.) A. Camus [excluded],Madelle Forge,£83.54,true
6593105244,Tayloria lingulata (Dicks.) Lindb.,Alica Jorge,£92.59,false
9565015956,Cyrtandra ×crassior H. St. John & Storey (pro sp.),Denys Asprey,£99.11,false
5861780471,Carex curatorum Stacey,Florella Mowat,£47.85,true
4537687916,Saxifraga idahoensis Piper,Lorilyn Geraldi,£92.73,false
9458038901,Pertusaria amara (Ach.) Nyl.,Albertine Bridgman,£51.60,false
7763064943,Dovyalis E. Mey. ex Arn.,Curran Greaterex,£90.58,true
7550616841,Asahinea scholanderi (Llano) W.L. Culb. & C.F. Culb.,Thomasin Ladbury,£89.11,false
1675694729,Microtea debilis Sw.,Charles Tubble,£63.87,false
3221912382,Succisa Haller,Carr Brittan,£79.02,false
2499592036,Trifolium subterraneum L. ssp. brachycalycinum Katzn. & Morley,Idalina Presnall,£24.07,false
0513261788,Symphyotrichum spathulatum (Lindl.) G.L. Nesom var. spathulatum,Clark Chate,£50.08,true
2004390204,Cyperus erythrorhizos Muhl.,Ivette Gorringe,£70.92,true
4438277957,Juncus roemerianus Scheele,Andriette Crat,£61.31,true
9167750109,Aloe succotrina All.,Welbie Chaikovski,£21.25,false
4031330677,Homalia trichomanoides (Hedw.) Schimp.,Jo ann Bewshire,£30.20,false
5027586701,Euphorbia stricta L.,Arch Nassie,£41.46,true
2571054147,Blyxa octandra Planch. ex Thw.,Frieda Smaleman,£51.92,false
3599675554,Claytonia exigua Torr. & A. Gray ssp. exigua,Adriano Pentland,£55.74,false
2636101306,Sphaeralcea ambigua A. Gray ssp. rosacea (Munz & I.M. Johnst.) Kearney,Issie Gercken,,false
4130026747,Galium verum L. var. wirtgenii (F.W. Schultz) Oborny,Leonora Gallanders,£20.49,false
9914447058,×Arctodupontia Tzvelev,Obadiah Wyldes,£74.27,true
7723787324,Hemerocallis citrina Baroni,Vannie Braid,£83.58,false
7276381609,Lomatium vaginatum J.M. Coult. & Rose,Alfie Foad,£34.16,true
7502151303,Astragalus remotus (M.E. Jones) Barneby,Cletus Durante,£29.16,true
4616043221,Heuchera micrantha Douglas ex Lindl. var. micrantha,Meghann Gellett,£68.66,true
4355617629,Corema D. Don,Haskel McNay,,false
0046076077,Lathyrus vestitus Nutt. ssp. laetiflorus (Greene) Broich,Arliene Freeborn,£70.22,true
3635949477,Poa rhizomata Hitchc.,Maye Gruczka,£86.02,false
6567415436,Micarea tuberculata (Sommerf.) R. Anderson,Marleah Barson,£57.79,false
5895550746,Loudetia simplex (Nees) C.E. Hubb.,Bellanca Freeman,£54.89,false
7311573696,Saxifraga odontoloma Piper,Tammi Drinkhill,£86.06,false
3950063048,Tribolium obliterum (Hemsl.) Renvoize,Zelda Gaukroger,£86.87,false
5206291420,Symphyotrichum lowrieanum (Porter) G.L. Nesom,Haleigh Ravel,£23.66,false
9215928545,Vernonia angustifolia Michx. ssp. scaberrima (Nutt.) S.B. Jones & Faust,Lin Garbar,£31.94,true
1386461911,Allium nigrum L.,Cherlyn Ferrarini,£53.27,true
6668486185,Astragalus accidens S. Watson var. hendersonii M.E. Jones,Elvyn Tomasini,£34.95,false
8354428982,Heterotheca villosa (Pursh) Shinners,Maribel Averies,£41.31,false
3871451363,Polycnemum arvense L.,Gustaf Antoszewski,£54.29,true
9764393381,Epilobium nivium Brandegee,Shir Swayne,,true
9984456587,Fleischmannia microstemon (Cass.) R.M. King & H. Rob.,Kelley Sawood,£88.93,true
5417624756,Hieracium ×atramentarium (Naegeli & Peter) Zahn ex Engl. (pro sp.),Ban Thamelt,£25.92,true
4972553081,Artemisia campestris L. ssp. borealis (Pall.) H.M. Hall & Clem. var. scouleriana (Hook.) Cronquist,Salomo Longhorn,£78.36,true
1276800088,Epilobium hirsutum L.,Steffie Brayson,£39.88,false
5637430276,Moluccella laevis L.,Van Bridell,,false
4304767089,Eriogonum umbellatum Torr. var. aureum (Gandog.) Reveal,Frederik Haney,£28.74,true
2007418479,Allium fistulosum L.,Carolin Lawday,£36.78,true
1888952970,Fellhanera Vezda,Rik MacCaughan,£61.12,true
2677437171,Desmodium ochroleucum M.A. Curtis ex Canby,Nedi Peer,£26.87,false
5058955431,Erythrochlamys Guerke,Skippy Yurin,£86.59,true
9552184827,Crotalaria paulina Schrank,Glynis Yurlov,£66.97,false
8479151196,Halenia deflexa (Sm.) Griseb. ssp. deflexa,Harvey Guerre,£91.57,false
3207870694,Astragalus missouriensis Nutt. var. amphibolus Barneby,Benjamen Wastling,£96.97,true
4846174492,Citrus ×limonia Osbeck (pro sp.),Julita Pinnion,£25.74,false
8922315946,Viola lithion N.H. Holmgren & P.K. Holmgren,Tades Pountney,£47.45,true
1779877250,Lobelia flaccidifolia Small,Gray Applin,£69.03,false
5215889279,Lactuca hirsuta Muhl. ex Nutt.,Patti Mingotti,£74.67,true
8109007775,Astragalus endopterus (Barneby) Barneby,Rubina Braidley,£79.44,true
6114175786,Consolea Lem.,Vaughan McNaughton,£81.13,false
4742573439,Astragalus oocalycis M.E. Jones,Babara Breagan,£86.70,false
7674065812,Gossypium hirsutum L. var. marie-galante (Watt) Hutch.,Cristin Althrop,£59.13,true
3449711490,Castilleja campestris (Benth.) T.I. Chuang & Heckard ssp. campestris,Ynez Legion,£83.51,false
8095600326,Arthonia phaeobaea (Norman) Norman,Brig Cleynaert,£96.26,true
5876744239,Elymus bakeri (E.E. Nelson) Á. Löve,Hesther Trembath,£45.26,true
1012332357,Mahonia Nutt.,Thelma Hubner,£65.53,false
9111193824,Eriogonum giganteum S. Watson var. giganteum,Georas Probbings,£42.47,true
8866302678,Lesquerella humilis Rollins,Carol Pemble,£59.76,false
3991509938,Oenothera engelmannii (Small) Munz,Guinna Heigold,,false
4103422211,Acacia schaffneri (S. Watson) F.J. Herm. var. bravoensis Isely,Madeleine Roulston,£30.27,false
2770113739,Cyanea lobata H. Mann ssp. lobata,Barby MacBean,£93.80,true
0624463702,Ziziphus celata W.S. Judd & D.W. Hall,Monika Rangall,£56.86,true
3294446721,Packera tridenticulata (Rydb.) W.A. Weber & Á. Löve,Kara Evetts,£49.67,true
1256219614,Arctostaphylos morroensis Wies. & Schreib.,Sterling Blower,£51.42,false
1646971841,Alnus serrulata (Aiton) Willd.,Xever Kleinlerer,£64.97,false
6562994918,Panicum verrucosum Muhl.,Wain Jakubiak,£76.88,true
4302850078,Polyblastia gothica Th. Fr.,Homerus Guinan,£28.78,false
4656513741,Salix amygdaloides Andersson,Donella Bools,£38.70,true
7114614675,Carex chapmanii Steud.,Court O'Grogane,£98.22,true
4319411552,Parmelina Hale,Orelia Wroth,£30.60,true
4575954373,Rhytidiadelphus (Lindb. ex Limpr.) Warnst.,Octavia Ferrillo,£63.94,false
1398103411,Cyperus squarrosus L.,Isacco Ganing,£42.78,false
8643890634,Carex deweyana Schwein.,Adah Murrison,£37.31,true
0978048806,Gonzalagunia Ruiz & Pav.,Dorolisa Berends,£63.01,false
2266521500,Sclerolinon C.M. Rogers,Fifine Bugby,£48.22,false
8875674701,Betula ×winteri Dugle,Von Marquez,£43.05,true
4347531206,Pinus elliottii Engelm. var. elliottii,Vincenty Mocher,£25.63,false
7018966973,Panicum alatum F. Zuloaga & O. Morrone,Ginger Cairns,£78.52,false
2467096440,Calopogonium Desv.,Langston Goshawke,£80.28,false
0153005572,Persea nubigena L.O. Williams var. guatemalensis L.O. Williams,Dolli Cicconetti,£54.54,false
6659992669,Monardella leucocephala A. Gray,Raquela Auston,£43.08,true
7937818425,Carissa L.,Eryn Gilhoolie,£33.84,false
4943459277,Sideroxylon lanuginosum Michx. ssp. lanuginosum,Balduin Pilcher,£20.87,true
1896108377,Bouteloua eriopoda (Torr.) Torr.,Gannie Firks,£63.72,true
5243510548,Crinum L.,Noah Barter,,true
6238610948,Hedeoma costata A. Gray var. pulchella (Greene) Irving,Averyl Gossington,,true
1871042119,Carex ×schatzii Kneucker,Jaime Ascough,£34.64,false
0538400196,Linanthus bigelovii (A. Gray) Greene,Emilia Kiloh,£52.28,true
6806969372,Artemisia campestris L. ssp. borealis (Pall.) H.M. Hall & Clem. var. borealis (Pall.) M. Peck,Charmain Lequeux,£76.32,true
8912151851,Melampyrum lineare Desr. var. pectinatum (Pennell) Fernald,Dode Polfer,£39.78,false
9325328895,Geranium erianthum DC.,Brigit Hawkshaw,£67.80,false
7818559280,Cryptantha flavoculata (A. Nelson) Payson,Loydie Mellers,£24.30,true
3636716956,Fissidens obtusifolius Wilson var. kansanus Renauld & Cardot,Agnes McRavey,£41.45,true
1040192262,Lobelia berlandieri A. DC. var. brachypoda (A. Gray) McVaugh,Jaquelyn Gosland,,false
5971772147,Sarracenia purpurea L. var. venosa (Raf.) Fernald,Emerson Jaqueminet,£70.38,true
8191778998,Vernonia borinquensis Urb.,Tallie Sodor,£96.96,false
3415289745,Consolida ajacis (L.) Schur,Cheston Palister,£55.29,false
5991298254,Physalis pubescens L.,Ebba Syphas,£81.36,true
7405191576,Vandenboschia Copeland,Persis Walenta,£79.87,true
9410786525,Rubus navus L.H. Bailey,Reuben Smaridge,£33.06,true
0613815947,Navarretia prolifera Greene ssp. prolifera,Nichols Allard,£45.15,true
7386143044,Cyphelium inquinans (Sm.) Trevis.,Kaia MacCheyne,£30.26,false
4272390570,Lysimachia filifolia Forbes,Monty Jillitt,£96.38,false
8034206008,Minuartia marcescens (Fernald) House,Marji Blindermann,£64.23,false
9786103424,Acacia pravissima F. Muell.,Ronda Bexley,,false
8859806658,×Dupoa J. Cay. & S.J. Darbyshire,Nadia Waddoups,£34.67,false
1913829723,Wikstroemia oahuensis (A. Gray) Rock var. palustris (Hochr.) Peterson,Marrilee Lennarde,£67.51,false
3436848824,Festuca lenensis Drobow,Haskel Vondra,£62.80,true
8796579773,Bactrospora patellarioides (Nyl.) Vain.,Hussein Lachaize,£58.67,true
2753799482,Calylophus hartwegii (Benth.) P.H. Raven ssp. filifolius (Eastw.) Towner & P.H. Raven,Lira Janjic,£51.78,false
7468055351,Passiflora subpeltata Ortega,Sargent Wincom,£26.89,false
1437746209,Pseudophegopteris Ching,Caitrin Hanhart,£21.69,false
1311901949,Calycadenia micrantha R.L. Carr & G.D. Carr,Galvan Cordeix,£63.95,true
3843000387,Carduus ×orthocephalus Wallr.,Hagen Atcock,£21.70,true
9883786956,Melaleuca brevifolia Turcz.,Rolph Belleny,,false
3131548940,Desmanthus Willd.,Adriena Messier,£88.17,true
5592146043,Tillandsia simulata Small,Cirilo Salvidge,£32.70,false
1043892672,Acarospora strigata (Nyl.) Jatta,Sylvester Cogle,,false
9499269002,"Stylosanthes biflora (L.) Britton, Sterns & Poggenb.",Annissa Loxston,£59.47,true
3211489061,Oxytheca parishii Parry var. goodmaniana Ertter,Witty Baggett,£23.06,false
0995959048,Caloplaca atroabla (Tuck.) Zahlbr.,Natal Rozalski,£27.25,false
6498723696,Valeriana L.,Phineas Flitcroft,£96.30,false
2169099395,Xyris caroliniana Walter,Tansy Screwton,£34.28,false
7836155951,Livistona R. Br.,Saxon Hastewell,£28.50,false
6718865591,Brunnichia ovata (Walter) Shinners,Krystal Olle,£65.22,false
8840807721,Aegle Corr. Serr.,Craig Jakes,£53.55,false
9565088465,Potentilla sterilis (L.) Garcke,Karrah Coatham,£50.47,true
9561596954,Quercus ×nessiana Palmer,Gino Peek,£67.75,true
1975723503,Alyxia stellata (J.R. Forst. & G. Forst.) Roem. & Schult.,Jone Whimper,£53.24,false
0245899669,Lagerstroemia L.,Berkeley Backhouse,£23.50,false
7169785080,Lathyrus littoralis (Nutt.) Endl.,Normie Gretton,,false
6660143521,Gomphrena martiana Gillies ex Moq.,Giovanna Hills,£34.44,false
7722668151,Cymopterus jonesii J.M. Coult. & Rose,Niall Liebermann,£29.61,true
1400659884,Packera spellenbergii (T.M. Barkley) C. Jeffrey,Guntar Jellings,£97.80,true
7981504600,Cycladenia humilis Benth. var. venusta (Eastw.) Woodson ex Munz,Elvyn Glede,£31.35,false
2610630034,Buellia fimbriata (Tuck.) Imshaug,Doug Iddons,£73.81,true
9664345628,Orogenia S. Watson,Colly Cissen,£33.23,false
0398809895,"Vicia disperma DC., nom. inq.",Rutter Eagles,£99.23,false
1518310915,Oplismenus hirtellus (L.) P. Beauv. ssp. undulatifolius (Ard.) U. Scholz,Heida Manning,,false
8060132784,Carex mesochorea Mack.,Ely Sobey,£34.05,false
7432139881,Cardamine californica (Nutt.) Greene var. sinuata (Greene) O.E. Schulz,Harmony Darbyshire,£96.71,true
1985360683,Anzia colpodes (Ach.) Stizenb.,Wallace Holby,£40.24,true
1692372270,Asclepias subulata Decne.,Gabi Herreran,,true
8493237884,Astragalus cobrensis A. Gray var. maguirei Kearney,Blythe Rigby,£68.87,true
9226452075,Phlox amplifolia Britton,Glen Tebbitt,£98.88,true
4100144369,Parmotrema A. Massal.,Moore Braun,£68.35,false
7823701235,Trachycarpus fortunei (Hook.) H. Wendl.,Ruggiero Kearton,£43.71,true
0257224637,Lobelia puberula Michx.,Myrta Cunrado,£45.26,true
5218365548,Dysphania botrys (L.) Mosyakin & Clemants,Buiron Lots,£82.81,true
4640551886,Lecanora granulifera (Ach.) Nyl.,Stepha Matthewman,£79.63,false
0377946036,Mertensia lanceolata (Pursh) DC. var. secundorum Cockerell,Stefano Hatterslay,£84.03,false
1820578003,Quercus ×fontana Laughlin,Gloria Russam,£87.52,true
5397128775,Pedicularis macrodonta Richardson,Ashlin Ivan,£45.25,false
4718482267,Carex pendula Huds.,Tremaine Renals,£32.13,false
5762020908,Solidago nemoralis Aiton,Ferdinanda McBeth,£54.61,true
4426442095,Sicyos erostratus H. St. John,Shirline Currer,£51.12,true
0242575528,Lyrocarpa Hook. & Harv. ex Harv.,Norine Magowan,£37.19,true
6167402302,Opegrapha filicina Mont.,Dasya Clarycott,£57.49,true
8268394463,Ludwigia glandulosa Walter ssp. glandulosa,Derrick Markova,£47.64,true
3658523085,Salvia chapmanii A. Gray,Billy Salliss,£31.03,false
2121038655,Viola missouriensis Greene,Babbie Rosekilly,£85.89,true
5457768325,Parmotrema cristiferum (Taylor) Hale,Virgilio Dopson,£89.55,true
4876279470,Bertholletia excelsa Humb. & Bonpl.,Kylie Gabby,£84.38,true
7087962469,Racomitrium depressum Lesq.,Danila Pryde,£21.01,false
1013959027,Phacelia purshii Buckley,Linette Boutellier,£47.25,false
1356240291,Oxalis radicosa A. Rich.,Krystyna Terlinden,£72.73,true
9037263747,Neea buxifolia (Hook. f.) Heimerl,Larine Powe,£26.47,true
4417318719,Pedicularis racemosa Douglas ex Benth. ssp. racemosa,Guthrey Sarle,£74.12,true
3844110062,Placynthiella icmalea (Ach.) Coppins & P. James,Sella Hrinchenko,£30.92,true
4292977135,Humulus lupulus L. var. pubescens E. Small,Collen Howell,,false
2790148562,Horkelia fusca Lindl. ssp. filicoides (Crum) D.D. Keck,Kasper Pinnere,£70.33,false
9170202435,Rorippa teres (Michx.) R. Stuckey,Micki Clampe,£74.39,false
7646801755,Clematis reticulata Walter,Lanae Ballach,£99.93,true
5615160977,Arenaria fendleri A. Gray,Trey Stallan,£27.80,false
9821316301,Agoseris apargioides (Less.) Greene,Gwennie Jindrak,,true
2537261909,"Heuchera cylindrica Douglas ex Hook. var. orbicularis (Rosend., Butters & Lakela) Calder & Savile",Guy Steane,,false
4799144405,Wigandia Kunth,Shawnee Brittoner,£61.91,true
5963027802,Cotoneaster franchetii Boiss.,Flora McGahey,£73.08,true
4997490059,Atamisquea emarginata Miers ex Hook. & Arn.,Anabal Donahue,£32.92,true
5467038524,Erechtites valerianifolius (Link ex Spreng.) DC.,Juliet Edwicke,£38.32,false
2168442274,Cardamine regeliana Miq.,Adolphus Deniskevich,£33.47,false
2660738211,Jatropha macrorhiza Benth. var. macrorhiza Benth. [excluded],Denys Evett,,false
7907959659,Petractis farlowii (Tuck. ex Nyl.) Vezda,Barb Riggs,£25.84,false
6601105007,Carex rupestris All. var. drummondiana (Dewey) L.H. Bailey,Nevins Maben,£98.91,false
0062126040,Vesicarpa potentilloides (A. Gray) Rydb.,Borden Rodda,£66.04,true
8983017074,Nectandra hihua (Ruiz & Pav.) Rohwer,Violante Howen,£44.16,true
6669866321,Symphoricarpos palmeri G.N. Jones,Edeline Ranyard,£34.82,false
7459898155,Schoenoplectus subterminalis (Torr.) Soják,Merwin Padrick,£80.11,false
2741735131,Brachythecium starkei (Brid.) Schimp.,Lurleen Vance,£78.62,true
0589377019,Argyrochosma jonesii (Maxon) Windham,Gisella D'Orsay,£67.57,false
0725988126,Aliciella stenothyrsa (A. Gray) J.M. Porter,Brandise Benit,£56.18,false
4851798849,Tiquilia gossypina (Wooton & Standl.) A.T. Richardson,Obediah Dutson,£38.62,false
1983839256,Hymenopappus L'Hér.,Boycey Manilo,£59.36,false
5468474379,Amorpha californica Nutt.,Mauricio Choat,£63.58,false
0684412810,Tephromela testaceoatra (Vain.) Hertel & Rambold,Hilliary Bergin,,true
3879248214,Machaeranthera pinnatifida (Hook.) Shinners ssp. pinnatifida,Jen Sommersett,£80.58,false
1982188340,Campanula L.,Jennette Fabler,£28.55,false
8912669184,Diplazium plantaginifolium (L.) Urb.,Valeda Kopta,£52.47,true
8911181625,"Carex austrodeflexa P.D. McMillan, Sorrie & van Eerden",Dev Burnham,£93.54,false
8880115480,Egeria Planch.,Mahmud Peres,£65.45,false
5183545030,Poa pratensis L.,Nance Faircley,£61.32,true
9921625497,Rhexia lutea Walter,Rik Panks,£99.66,true
2370725451,Vitis rupestris Scheele,Cherie De Roberto,,false
0237747073,Ranunculus abortivus L.,Marve Soot,£47.83,false
1053989717,Cinchona officinalis L.,Gordan Darragh,£51.62,false
4615933622,Bobea timonioides (Hook. f.) Hillebr.,Nikita Heffernon,£41.73,false
2043324683,Notholaena grayi Davenport ssp. sonorensis Windham,Tersina Downey,£76.93,false
7187301340,Eriodictyon crassifolium Benth. var. crassifolium,Lyle Conkay,£77.79,true
8075773152,Erigeron proselyticus G.L. Nesom,Ardyth Brinkler,£71.44,false
9369815368,Phyllodoce caerulea (L.) Bab.,Myles Licari,£24.35,true
0152995196,Astragalus minthorniae (Rydb.) Jeps. var. minthorniae,Glen Eagle,£76.26,true
8513628204,Santalum freycinetianum Gaudich. var. freycinetianum,Ebba Wyburn,£44.23,true
8086077284,Schoenoplectiella hallii (A.Gray) Lye,Troy McGiven,£70.57,false
3857219572,Liatris spicata (L.) Willd. var. resinosa (Nutt.) Gaiser,Dyanna Peachment,£94.60,false
0914427636,Carex utriculata Boott,Roanne Manhood,£92.77,false
0172218837,Imshaugia placorodia (Ach.) S.L.F. Mey.,Mariquilla Sawyers,£51.89,true
1934795496,Poa napensis Beetle,Lizette Vanini,£89.29,true
0810052369,Rubus chamaemorus L.,Cleavland Melchior,£40.14,false
4769770030,Oxystegus spiralis (Grout) H.A. Crum & L.E. Anderson,Evy Courvert,,false
7403077164,Leymus racemosus (Lam.) Tzvelev,Kerwinn Ditch,£97.83,true
0100782108,Sphaerellothecium contextum Triebel,Harp Simeons,£72.96,false
8102047615,"Caloplaca rubrofusca (de Lesd.) ?, ined.?",Karl Allchorne,£63.79,true
1655740466,Cordia curassavica (Jacq.) Roem. & Schult.,Robinetta Whiff,£58.58,false
5644994341,Diplazium lonchophyllum Kunze,Claiborne Dencs,£57.29,false
8715582574,Geum canadense Jacq. var. canadense,Goldie Covendon,£79.18,false
6217935813,Betula papyrifera Marshall var. cordifolia (Regel) Fernald,Sinclare Zorn,£22.04,false
3812912856,Lachnanthes caroliana (Lam.) Dandy,Fawn Rohlfing,£39.33,true
7296330805,Lobelia erinus L.,Kin Weathers,£55.89,true
7396182654,Asclepias lemmonii A. Gray,Athena McGaughay,£87.42,true
1569338418,Dictamnus L.,Dimitry Goldring,£46.44,true
2224571097,Mirabilis laevis (Benth.) Curran var. retrorsa (A. Heller) Jeps.,Corey Gerson,£50.28,true
2192388500,Hedeoma costata A. Gray,Addia Girardetti,£39.58,true
8769947953,"Rhynchospora galeana Naczi, W.M. Knapp & Gerry Moore",Rustie Adamowitz,£76.85,true
7133361698,Draba nivalis Lilj. var. nivalis,Bernadette Cutteridge,£28.63,false
1283591928,Juncus trilocularis Zika,Livvy Dohmer,£29.69,true
2845412681,Crataegus versuta Beadle,Wendall Turley,£43.15,true
7695420735,Psychotria hexandra H. Mann ssp. oahuensis O. Deg. & Fosberg var. oahuensis,Ramonda Easthope,£75.37,false
1511971126,Camissonia atwoodii Cronquist,Beverley Milington,£80.33,false
9952225946,Graphis scripta (L.) Ach.,Otto Gerriet,£57.66,true
4568639417,Eleocharis mamillata (Lindb. f.) Lindb. f.,Katee Outram,£48.89,false
5786393941,Rosa arkansana Porter var. arkansana,Barny Bulcock,£98.44,true
8731798047,Hypericum majus (A. Gray) Britton,Min MacCook,£55.71,false
