pub_id,book_ID,Address,Name
62-055-6053,3791424831,74 Sundown Center,Shilladay
77-683-2289,3826166183,44 Upham Terrace,Fawcett
76-341-4745,2018390244,47866 Iowa Trail,Pritchitt
12-474-2980,1283591928,2687 Nova Point,Cale
05-319-2791,8018889651,87042 Oriole Road,Dignall
05-454-2877,4499355826,62 Elgar Alley,Mollindinia
62-804-8633,0144028522,3 5th Way,Grew
38-772-2251,2249880255,171 Mayer Road,Wildblood
06-539-4214,5962660609,51 Bobwhite Road,Kuzma
38-475-2851,0411597736,92525 Crownhardt Pass,Sliney
80-026-2643,2696570329,249 Huxley Junction,Wordley
60-772-3105,5293688847,517 Harper Court,Wilmot
57-953-3467,3233602502,84250 Dexter Lane,Quilligan
70-790-9903,0318408430,5358 Ronald Regan Road,Screaton
95-015-7183,9358128348,5479 Novick Way,Billingham
95-738-6346,0777307952,70969 Dapin Junction,Hankard
43-068-4085,0513261788,6 Duke Trail,Wickersham
41-022-8602,5963027802,824 Debra Parkway,Healeas
11-917-0486,0865926395,940 Mallard Place,O'Cleary
50-712-8012,6551746969,6000 Dottie Alley,Dorrance
77-075-3953,0364883049,66055 Corscot Hill,Saphir
02-679-3199,9725313224,6 Heffernan Alley,Inge
44-200-0088,7091789628,13964 Northport Lane,Wilbor
59-233-9069,6463214019,5874 Prairieview Road,Dubbin
80-045-9088,5366343550,03 Stephen Road,Sammon
84-643-2102,7974253932,094 Moland Center,Kirman
94-083-0319,8232619945,68 Daystar Avenue,Zellner
25-691-0355,0901199168,8320 Cherokee Avenue,Fenix
79-601-7826,6983004558,3 Meadow Valley Terrace,Mc Carrick
81-054-3506,4310505732,1 Mariners Cove Trail,Sheara
53-300-1727,1103506013,5325 Boyd Plaza,Deeson
39-013-6162,8311400237,63 Loftsgordon Avenue,Weir
36-790-4772,0144892324,5050 Nevada Parkway,Whewill
10-833-2094,6344327103,87 Tennessee Center,Shearwood
69-762-9027,0183323947,81112 Graceland Street,Costy
09-590-1591,2845412681,218 Londonderry Place,Mouncey
14-124-9235,1247436977,1077 Sachs Court,Prium
45-384-7271,1053989717,7 Hanover Drive,Dagless
07-700-6246,8698921795,7921 Grover Crossing,Franc
06-611-8418,3871451363,031 Green Ridge Place,Pipet
75-365-6627,3207870694,9 1st Park,Sclater
04-035-1848,6927698841,96744 Fremont Terrace,Gollard
86-909-6117,1404772332,9376 Lien Parkway,Dyster
32-250-7793,9573406705,92800 Carey Terrace,Estick
64-122-5034,7133361698,5 Lighthouse Bay Way,Lovick
26-970-6321,8109007775,3 Bowman Circle,Fernanando
94-124-2974,5468474379,2 Starling Junction,Ludlow
94-230-7478,5470557790,4125 Carey Junction,Bidmead
98-036-0256,0237747073,995 Maple Wood Avenue,Mallaby
56-332-9363,6660143521,40762 Evergreen Avenue,Flockhart
64-275-5303,6562994918,18648 Morrow Hill,Clutterbuck
19-794-3899,3447074817,63 Buell Circle,Brandham
10-708-7054,4355617629,0 Manitowish Place,Dami
68-679-3216,5105159160,75 Loeprich Trail,Farahar
50-178-3224,5519958556,0739 Michigan Junction,Berge
37-429-6081,0786307072,9 Dahle Lane,Dairton
37-051-4249,0184657237,10554 Aberg Point,Macauley
60-538-6394,3131548940,5 Mockingbird Circle,Anglin
17-583-1106,1068875380,57813 Village Circle,Beames
89-896-2738,1063704162,09083 Everett Street,Milne
62-001-2032,3324260205,9161 Eastwood Alley,Dysert
38-459-5506,4394866383,69371 Logan Trail,Jeavon
18-387-9974,1315988232,258 Bowman Way,Van der Merwe
66-407-6280,9880723120,00 Nancy Street,Hugnin
52-924-8725,1301962678,621 Forest Run Hill,Coltart
45-349-0635,3879248214,2 Rutledge Avenue,Kolakovic
79-001-4042,8971650850,2 Gale Drive,Culpin
68-917-4947,2932822551,5126 East Pass,Cisneros
91-117-3062,1398103411,922 Sunfield Lane,Saltern
94-944-2950,1413003427,226 Scofield Park,Whittles
63-933-5338,0479854580,3570 Tony Hill,Antonin
44-042-6216,4426442095,2 David Point,Barczewski
27-852-4390,2134700297,06384 6th Place,Townby
26-040-9442,1692372270,19525 Russell Trail,Zimmermeister
38-584-2002,1090321384,4773 Michigan Point,Sphinxe
06-008-0987,1646971841,936 Thackeray Court,Kohlerman
68-743-4442,0300069693,8 Morrow Terrace,Speechly
25-473-6775,8513628204,10722 Heath Trail,Walton
36-338-8110,3482984522,9061 Macpherson Hill,Jeannin
68-280-2197,1065636296,3836 Sycamore Place,Ackers
59-576-3139,2036164226,9536 Schiller Court,Lettice
21-198-2887,1673712169,10305 Derek Avenue,Fern
43-762-7382,9068092456,58699 Merrick Alley,Rheam
22-401-5326,0746682867,63 Pleasure Drive,Paxton
22-681-0804,7937818425,45 Golf Park,Upcott
32-821-2259,9786103424,13 Porter Street,Lahive
56-924-3848,6771651088,2302 Derek Alley,Brayn
42-410-1058,6637408425,46 Grim Plaza,Conlon
27-483-1920,5678969668,82 Marcy Alley,Tregent
92-758-5722,2266521500,4818 Northland Center,Goundsy
55-676-7206,4438277957,572 Old Shore Way,Odam
50-286-4884,7652382610,8923 Jackson Circle,Vidloc
62-409-4187,2909047636,8 Gateway Terrace,Pepye
56-438-3959,1063704162,699 Dawn Court,Fores
69-895-4889,3652645707,745 Transport Drive,O'Moylane
81-104-4560,4144139085,9947 Almo Lane,Morton
73-478-2384,8504393240,9158 Shelley Point,MacUchadair
36-752-5226,9499269002,53214 Heath Way,Eton
86-885-2401,1279174420,82372 Mandrake Center,Rubrow
65-931-9866,7114614675,1575 Stang Parkway,Crumly
19-503-4529,4422908405,86268 Pankratz Drive,Burth
78-751-1288,6463214019,51 Golf View Trail,Arman
36-352-4571,1090321384,060 Elgar Terrace,Leal
68-473-2573,3028129140,974 Mendota Hill,De Miranda
31-466-1504,5963027802,13 Jackson Junction,Troni
74-381-5984,3207870694,37 Scoville Trail,Brounsell
96-838-1012,8912669184,184 Truax Court,Wilshire
07-410-9278,1129531635,76039 Ryan Drive,Truesdale
81-492-1557,2956960628,733 Everett Junction,Lyosik
23-473-7217,3263082906,13627 Debs Pass,Wynn
29-644-3876,5722745987,434 Arizona Center,Timcke
60-938-2813,2893848125,51759 Pepper Wood Trail,Cassie
21-734-1242,6114175786,266 Ruskin Junction,Wilcock
53-759-4806,5395348883,61962 Southridge Avenue,Trahair
80-484-6363,9369815368,8577 Arapahoe Point,Oxbrough
69-987-5315,0152995196,46 Randy Point,Jenk
38-161-4870,5991298254,75 East Avenue,Seefeldt
04-068-1024,1398103411,527 Daystar Point,Dykins
30-661-4241,7606274045,57 Havey Pass,Hatchell
87-501-2779,2036164226,6 Harbort Center,Kennerley
60-715-2733,5891242249,2228 Almo Place,Morstatt
45-372-4623,9852571478,7 Summer Ridge Point,Howison
97-424-7255,5895550746,5 Sauthoff Plaza,Skirving
26-030-4528,2578861080,3 Myrtle Court,Cowlam
02-538-3027,2734821621,4 Anthes Alley,Gunston
45-437-8679,7180202258,6 Quincy Terrace,Sivill
31-228-4090,3341664718,73 Jana Circle,Tansey
39-106-7883,4452457258,4440 Twin Pines Alley,Ledgerton
59-538-0382,7548669704,35 Meadow Valley Terrace,Sutterfield
53-122-1116,4447253038,977 Morrow Circle,Kenner
77-788-6120,1256219614,3874 Rusk Alley,Stoeck
90-773-8788,7175230427,6 Hollow Ridge Drive,Jefferson
40-808-3767,8532836585,476 Continental Plaza,Osmint
86-482-8246,8053603602,389 Dunning Court,Yeowell
86-355-8815,8102047615,96 Judy Place,Domsalla
41-828-4730,9878215237,8724 Pierstorff Hill,Shovel
00-958-1545,6940717366,140 Mariners Cove Court,Ettritch
47-457-7159,5425732473,9 Lawn Alley,Bonhan
48-126-5656,7087962469,839 Nevada Road,Jaulme
95-114-3851,1361418435,677 Dahle Plaza,Emnoney
63-305-0611,0807654337,86915 Scofield Pass,Veryard
17-373-0002,1068875380,09233 Surrey Lane,Aiton
75-939-6106,4959466766,467 Debs Street,Luety
70-847-9097,2385128896,25133 Laurel Point,McNab
90-677-7554,2939311005,85 Old Shore Court,Bodle
60-050-4485,5637430276,3926 Elgar Avenue,Sharphurst
13-498-0487,5361412015,25 Green Parkway,Addinall
90-585-4887,3023393680,62652 Merchant Crossing,Jedraszczyk
32-980-6111,3482984522,1698 Grover Point,Brian
10-173-8386,9696020031,7698 Muir Place,Amberg
57-141-6703,7406845863,77696 Doe Crossing Drive,Nottle
27-503-0688,7229228107,97527 Scoville Terrace,Stollard
53-306-2059,6495753985,73 Pond Park,Pauletto
96-992-7291,2945838621,34582 Lakeland Center,Deegan
65-921-9722,4575954373,9280 Gina Junction,Bavage
98-865-9023,7238418991,7 Atwood Plaza,Masham
35-621-7620,4260220845,17048 Monterey Place,Lumsdale
83-038-0307,0777307952,6 Sage Road,Corey
88-622-8395,1614615861,56 Muir Drive,Pickford
69-510-2829,3354047577,45 Miller Trail,Cuskery
94-271-9489,3233602502,52418 Schmedeman Park,Blain
20-951-4427,1785887505,33 Eagle Crest Center,Barrick
11-603-5060,2140581946,847 Express Court,Cleave
62-523-6217,7753736256,5 Superior Terrace,Burner
94-304-7530,4808214202,90 Declaration Pass,Mayell
91-411-7886,8397899081,3613 Artisan Pass,Schukert
71-470-6824,5716971636,24755 Comanche Parkway,Aldren
40-837-1278,4790507602,6 Armistice Way,Konertz
44-438-4412,7468055351,562 Hintze Center,Petrelluzzi
15-726-0777,6593105244,4 Riverside Terrace,Edmonds
30-562-1768,9985599616,42421 Norway Maple Avenue,Glewe
03-542-3122,5529898696,2 Oxford Hill,Trasler
07-314-7004,7340404740,40982 Doe Crossing Circle,Kitchen
01-746-0838,5347786566,35 Farwell Avenue,Gapper
07-170-1621,5971772147,8 Spohn Road,Scoggin
21-010-2477,2722779447,2636 Carberry Lane,Khoter
96-669-4598,5980306307,5 Milwaukee Crossing,Dudley
70-164-7956,2696570329,5491 Schmedeman Crossing,Blance
97-741-4656,7991555488,000 Surrey Lane,Paal
21-696-7805,6788103054,9 Sutteridge Junction,Helleckas
67-006-0471,6302441994,6 Maryland Terrace,Iacavone
01-183-1109,5463453594,87 Fairview Park,Farnie
63-258-7049,3580444565,512 Hanover Street,Ferreli
86-312-6760,0828743843,4165 Swallow Terrace,Mourant
05-864-9258,4302850078,7 Evergreen Pass,Spellesy
53-748-9940,7327768254,453 Warrior Way,Challiss
47-653-4090,3711629636,89 Toban Point,Forte
96-683-5615,7050837261,3322 South Terrace,Bereford
21-654-9797,1476795185,86212 Vidon Road,Caws
16-211-9930,6167402302,4197 Columbus Road,Meyer
32-340-6132,3599675554,1377 Stoughton Junction,Durham
72-204-1574,2043324683,51 Oxford Terrace,Hanscombe
58-248-5833,6551335241,03755 Esker Road,Foltin
99-306-0025,3717018361,365 Del Mar Plaza,Kohrt
70-659-0402,0315961996,53597 Pearson Park,Morales
44-425-0242,3635949477,9 Ramsey Alley,Adamec
48-321-2266,5178937414,43 8th Avenue,Hanney
08-058-8617,7396182654,08778 Washington Road,Van
01-575-2125,2157885587,26 Southridge Plaza,MacKeller
41-302-9556,9661964572,42642 Coolidge Place,Pitcock
64-573-7143,9552184827,3 Forest Point,Schachter
98-282-6850,4344607112,46 Rockefeller Way,Williment
82-077-9667,5823509839,1382 Westend Court,Folbig
92-423-7783,0398809895,02731 Upham Junction,Hearley
51-823-4504,0983375313,6 Pleasure Drive,Growy
81-074-6200,7874234634,811 Spohn Park,Godsil
46-774-3958,3246737436,29 Londonderry Center,Cockburn
01-799-8960,3447074817,2 Holy Cross Trail,Sparrowhawk
46-938-6115,1437746209,45 Cherokee Avenue,Schole
51-970-0944,4721071183,1287 Green Ridge Plaza,Issacson
62-128-5816,5861780471,3397 Elka Trail,Boys
24-016-4002,4892078654,8 Commercial Street,Sproston
62-607-7787,4721780451,65348 Shelley Park,Atling
67-872-5765,7626069250,6 Pond Lane,Forstall
04-917-7102,9012498627,4 Monterey Pass,Sambrok
50-306-0615,1511971126,269 Kinsman Point,Kinsett
19-445-1545,9488558059,053 Sommers Road,Falkus
88-156-6254,3338096925,7969 Towne Hill,Crosswaite
71-213-4260,5183545030,666 Monterey Park,Pes
94-846-5252,5094396099,8 Logan Center,MacMillan
61-895-0243,1902068866,3065 Burrows Junction,Oloshkin
10-054-4706,2909047636,07883 Manley Street,Riddoch
60-333-7512,1603190988,2 Birchwood Drive,Benns
99-902-0341,3211489061,4 Westridge Lane,Glader
04-632-7344,5643720108,19 8th Crossing,Grafton-Herbert
88-117-3323,2905065508,7 Crescent Oaks Drive,Fozard
37-929-9372,5895550746,68 Veith Pass,Merriment
47-407-6371,7763064943,316 Badeau Terrace,Thomelin
26-041-8164,2635326541,8 Victoria Drive,Massow
93-690-5324,5051724922,4675 Ohio Court,Reedick
05-255-8050,7226333775,6105 Marcy Pass,Jindrak
06-416-9765,7389888806,64 Lillian Avenue,Haw
60-094-9925,8762013092,3285 Manitowish Center,Ramshaw
60-067-4300,9736992535,0339 Dunning Junction,Dumbelton
58-599-3442,3023393680,4561 Clarendon Lane,Newbury
81-702-4347,7380560581,67 Tennessee Place,Trembath
66-863-6652,6896066164,6 Commercial Trail,Dominguez
22-875-6067,4616043221,128 Kim Parkway,Gimber
21-793-1257,8941609313,02677 Vera Court,Paur
06-257-0098,9523875434,4 Esker Way,Tomczak
12-232-5139,8311400237,86478 Crownhardt Park,Hazel
27-275-9340,8504393240,875 Pennsylvania Pass,Orhtmann
98-951-9588,6660143521,79 3rd Lane,Mulvihill
27-526-3552,9711698773,6315 Ohio Place,Cribbins
70-789-7764,3358935876,7 Mayer Hill,Hazeldean
06-552-6750,5891242249,944 Debra Trail,Mooney
25-373-7324,6543262400,9649 Lyons Lane,Aberchirder
87-951-8927,7818559280,69 Doe Crossing Plaza,Joddens
60-766-9282,3857219572,85 Oak Street,Jurca
14-615-6844,8897482619,4748 Arizona Hill,Lovie
80-489-6391,7957393268,51023 Golf Course Junction,Bromet
38-292-3605,5615160977,0 Namekagon Point,Klaaassen
94-112-5241,2152323270,90 Rutledge Street,Semarke
68-667-5279,4210192112,16428 Sunbrook Alley,Geeson
47-655-1318,5074171946,09816 Oriole Street,Sommerton
57-899-0599,9808527582,1138 Clarendon Lane,Shafto
90-454-4631,4997490059,17 Hansons Hill,Sambiedge
14-106-0371,6841066456,4811 Sycamore Center,Trethewey
13-355-1252,8711685573,2147 Duke Place,Hiddersley
18-729-2946,2007418479,60847 Jana Crossing,Thorald
76-778-2315,1190014882,1 Mcbride Way,Dunthorn
71-679-2691,0834898101,70257 Eastlawn Lane,Mc Queen
81-526-7491,2696570329,0 Hanover Trail,Teall
37-304-5193,8191778998,500 Pawling Terrace,Welham
44-863-1499,5218365548,3085 Veith Trail,Cromb
15-551-2181,4002818896,17230 Chive Way,Hilling
65-112-0666,6940717366,733 Luster Park,Versey
85-822-9977,4769770030,1342 Macpherson Street,Dulen
77-270-1368,0245987355,312 Crescent Oaks Way,Thickett
98-736-8022,6756057324,64079 Westport Street,Labrom
72-985-9269,2722779447,921 Dexter Plaza,Lober
07-509-6595,2677437171,22722 Emmet Road,Kidsley
58-491-6608,7087962469,6 Loftsgordon Trail,Ewdale
36-778-1286,4783320241,63311 Ryan Street,Piletic
58-672-0302,8102047615,344 Granby Hill,Dulson
17-161-7328,3717018361,363 Kinsman Trail,Astie
02-735-7964,4302850078,4405 Rieder Terrace,Klug
52-060-1281,0786307072,2301 Fordem Center,Sharkey
20-260-8362,9985599616,112 Laurel Point,Chatterton
93-294-6814,8082351659,62 Red Cloud Trail,Bygrove
82-183-4234,8262305809,658 Kingsford Street,Raitie
30-561-0793,0637101553,14 Bashford Lane,McKeurtan
95-691-1975,0144892324,43 Fulton Court,Lapthorn
70-437-0221,2564066720,56 Westport Circle,Paulot
72-142-9813,4846174492,702 Shasta Plaza,Ilyushkin
17-909-2570,6905467391,9 Basil Street,Allred
57-641-5420,0318408430,1 Bashford Junction,Lydford
68-806-4014,2620806917,4656 Ryan Court,Smithend
27-510-4675,2561750612,154 Rockefeller Place,Cockitt
24-260-6931,8922315946,355 Sauthoff Crossing,Asplin
92-950-5290,5895550746,775 Westport Lane,Copestake
16-798-1543,6290293559,31813 Stone Corner Plaza,Lukock
26-836-2505,8836296947,602 Buena Vista Way,Mapowder
46-727-0381,2168442274,31 Crownhardt Trail,Snailham
50-618-1919,4723260382,2059 Heffernan Junction,Piatto
75-095-8124,4651957730,859 Mesta Point,Gorrissen
03-900-9814,6495753985,0406 Waubesa Trail,Kyles
89-333-1217,1497140129,2706 Delladonna Court,Canepe
64-747-0388,2138002667,90495 Carioca Center,Coleman
94-990-0043,7136013348,7 Nancy Pass,Seifenmacher
25-435-0326,8615213038,73 Spenser Pass,Postill
30-626-2596,7178156597,167 Pearson Center,Wollaston
48-245-6796,2628569876,2566 Shasta Alley,Di Biasio
54-762-0008,3879248214,6417 Bartillon Trail,Larter
65-858-0309,7937818425,0538 Sauthoff Pass,Seczyk
45-674-4562,6334322427,2817 Lerdahl Pass,Sherrard
26-820-6537,6920776057,7990 New Castle Park,Armor
56-403-9131,7226333775,4294 Annamark Place,Chsteney
75-093-0820,9948146808,5289 Burrows Plaza,Ezzle
80-136-7449,9937850592,9595 Loomis Way,Bruineman
11-518-9867,0605637067,155 Brentwood Center,Manz
18-152-2585,3674637235,3371 Cascade Plaza,Gornal
54-554-6322,1080856943,868 Moose Terrace,Sturt
73-859-1352,8498855896,268 Golf Hill,Slany
10-426-9803,8778958695,9657 Anderson Alley,Forsyth
17-348-0405,1677749598,307 Blue Bill Park Court,Chelsom
69-361-9707,5861780471,1475 Golf View Plaza,Hambridge
59-090-4161,5196641386,9409 Crescent Oaks Point,Aluard
29-736-9318,5962660609,7759 Cody Crossing,Dowe
66-100-0002,2537261909,632 Morning Crossing,Glassman
20-837-1836,9061987369,137 Canary Point,Simoes
93-551-5196,4882530686,32063 Center Pass,Kynge
86-630-9059,4452457258,19 Bayside Park,Claridge
35-891-8926,4892078654,11 Sutteridge Center,Standing
36-725-3809,9214577005,4 Manufacturers Avenue,Laister
30-244-1014,1081087005,69004 Ryan Way,Schustl
54-760-9131,2578861080,837 Oakridge Avenue,Bonwell
68-745-1049,4644554928,14 Ridgeway Center,Lethem
01-583-2177,8593920381,20 Norway Maple Trail,Landa
39-262-7003,1375750054,69545 Golf Course Hill,Roby
70-776-5035,6659992669,7 Continental Avenue,Guillet
37-239-8242,2961922526,65654 Independence Parkway,Geddis
90-576-4259,4943459277,8871 Larry Street,Lorans
63-190-1735,0176342052,4 Shopko Hill,Sturrock
47-395-6664,8711685573,55 Heffernan Point,Hupe
61-557-1209,0350166056,6 Armistice Junction,Fossord
67-765-4209,0246614374,52 Victoria Court,Kirwin
19-009-9463,1231896191,24 Warrior Terrace,Jenkins
04-034-1267,2823842837,215 Sloan Plaza,Forshaw
90-924-8910,2794838504,1509 Esker Lane,Dawney
51-821-9681,3088224263,9583 Esch Street,Wilbor
11-139-0697,3134304198,71 Anhalt Lane,Beazley
39-419-5835,6171896616,2 Kenwood Trail,Maken
53-040-1079,2815412977,3463 Esker Place,Jefferys
09-723-4515,0046076077,07 Spaight Crossing,McIlhatton
66-009-5985,3194201298,5 Claremont Drive,Slowgrave
96-398-7604,0726155659,20 Mandrake Point,Rozier
27-520-6940,9659213875,82 Brentwood Terrace,Pilgrim
38-953-4597,4799144405,0 Mcguire Hill,Wainwright
91-365-4592,2923028961,792 Shoshone Circle,Ricoald
85-861-4991,7341846151,36241 Ridgeway Circle,Body
99-032-0101,3908145309,423 Colorado Point,Melbury
80-826-2094,5417624756,56327 Ronald Regan Circle,Klaas
48-379-8217,2603748009,7998 Fulton Circle,Robbey
49-172-0367,2896370153,51 Susan Point,Loxton
26-132-8943,2249880255,3009 Spaight Street,Mandry
51-165-4335,6771651088,51326 Dryden Crossing,Fremantle
67-610-0174,3263082906,410 Lakewood Gardens Road,Kliemke
82-620-6904,1706245955,2 Old Gate Place,Cowitz
02-968-7102,5611954227,51295 Oriole Crossing,Erley
86-409-4619,5094396099,06 Division Way,Jack
11-704-4839,3722590337,887 Kingsford Pass,Blaik
05-674-1540,2036164226,186 Melody Parkway,Ennor
84-930-2238,3324260205,005 Texas Parkway,Havers
41-171-8211,1437746209,9 Rockefeller Center,Buncom
14-387-8484,9423359442,079 Harper Avenue,Sherston
61-386-1623,2956828479,9598 Ohio Road,Skain
67-705-4660,8493237884,3 Colorado Drive,Reuss
18-084-0535,0300069693,207 Sage Circle,Woodman
89-993-3919,1386461911,1 Eastwood Center,Kilgrew
09-512-8621,2499592036,0 Hovde Court,McCandie
25-554-1184,9565088465,05138 Prairieview Point,Brisley
74-582-8337,2043324683,382 International Trail,Linsley
20-599-1628,2454572524,81497 Ohio Pass,Breinlein
84-754-4712,1522587004,4753 Lake View Hill,Wright
06-431-3372,8875674701,6875 Green Ridge Street,Ruit
94-783-7357,9808527582,5 Goodland Plaza,Skein
56-346-8745,1646971841,585 West Way,Gathwaite
42-145-5867,3572324416,44 Grasskamp Street,Weth
43-953-9858,9499269002,9730 Moose Park,Treneman
46-081-3310,1013959027,65696 Village Center,Rappa
10-486-8601,6376190049,99504 Debra Circle,Kolczynski
51-574-5606,5382073716,616 Ryan Parkway,Popeley
76-354-2329,2280648830,74 Killdeer Drive,Pedrozzi
35-668-3741,7613692892,6 Crowley Point,Mounter
67-377-8637,2435637314,6 Stuart Center,Ivery
46-080-8283,0810052369,215 Buena Vista Parkway,Whimpenny
98-201-2943,8941609313,02 Fairview Road,Prettyjohn
52-219-9784,7793712250,17494 Dennis Trail,Burborough
72-738-5872,1060181851,47563 East Hill,Titta
39-995-2213,5932199792,1 Mariners Cove Way,Hopewell
07-103-1015,6217935813,3181 Fuller Junction,Cassin
71-207-6294,0212532375,03 Westridge Crossing,Splaven
30-278-6518,4800407516,2992 Larry Hill,Clarricoates
98-997-4563,8601518540,9 Springs Trail,Bartolozzi
70-700-8856,6542213058,7 Hoard Avenue,Markos
53-736-4635,4926335255,7426 Shelley Lane,Domenge
51-782-7458,8079217769,2213 Dixon Lane,Sowrey
13-924-6447,4997490059,6 Eagan Road,Shouler
56-674-4693,6167402302,07 Sutherland Drive,Charles
03-766-1230,5991298254,5864 Clyde Gallagher Crossing,Quincey
91-799-0721,2696570329,182 Butterfield Center,Elphinston
02-675-5932,1624191673,4 Canary Parkway,Sine
52-996-3054,4653970025,7003 6th Place,Gerish
47-782-0683,1231896191,31 Northridge Avenue,Minghella
82-955-9207,4319411552,10 Sachs Way,Kinsey
93-937-0928,8637754872,31474 Mallory Court,Silk
59-922-6392,7384195519,293 Warner Drive,O'Nolan
23-799-6930,4197624018,49 Rusk Way,Whittlesea
06-588-0024,6543262400,67867 Crownhardt Circle,Trubshaw
97-616-8031,6082429397,18 Mitchell Circle,Franc
32-332-6491,2583046373,1 Hoepker Park,McTear
04-061-8098,8624190622,0555 Tomscot Street,Vogel
96-073-1018,2564066720,118 Comanche Plaza,Capelow
86-774-2603,2770113739,845 Esker Lane,Embleton
73-689-8786,7823331667,9 Anthes Center,Leneve
18-560-5990,0576562297,9 Killdeer Way,Wedge
72-923-3908,1276800088,105 Dovetail Pass,Letherbury
81-864-9871,3447074817,21947 Haas Avenue,Gamil
76-943-8288,8043004897,901 Manufacturers Circle,Sibley
93-691-1746,7646782270,36481 Boyd Point,Timperley
53-146-7909,0181278022,1 Shasta Street,Mazdon
29-760-8743,2635326541,93 Granby Drive,Plumb
04-250-4888,5892866947,21886 Dahle Center,Ross
56-072-0930,1785887505,2 Del Mar Terrace,Brach
13-228-3970,9037263747,105 Waxwing Terrace,Strodder
78-828-2810,3873363852,70043 Manley Trail,Slisby
54-725-7256,7675008197,022 Westerfield Center,Imlacke
76-749-4498,7406845863,88508 Knutson Terrace,Bernadon
00-693-9709,3176303343,88689 Loomis Junction,Humerstone
79-388-6042,1911904574,0024 Linden Hill,Moggle
10-854-7753,4610297604,928 Scoville Pass,Stride
93-210-0453,2914300522,3 Ridgeview Road,Batterton
91-099-0114,9664345628,0 Mcbride Parkway,Zanioletti
32-824-8533,8911181625,4878 Butterfield Pass,Johnson
91-648-6216,9061987369,13265 Hermina Avenue,Bosma
10-154-5787,6495753985,43155 Prairie Rose Park,Lacaze
57-502-7484,9986968615,526 Lunder Junction,Ibeson
76-165-2893,3436848824,7 Anthes Court,Moralis
32-946-7789,1911904574,967 Sachs Way,Barrett
00-093-6266,6784739981,60 Susan Center,Heales
41-458-7436,8397899081,48333 Prairieview Street,Issitt
35-094-3302,7517783653,03 Becker Trail,Brandolini
50-805-9912,0245987355,3 Basil Point,Olyfant
64-701-6681,1888952970,35647 Melody Lane,Densie
68-122-2208,9326233634,92292 Talisman Plaza,Shiel
58-656-0851,2018390244,1508 Merrick Circle,Stickland
52-124-9024,3584594995,245 Eagle Crest Trail,McMenamie
14-559-2953,2722779447,08 Monterey Park,Christall
35-692-1029,6238610948,4852 Washington Court,Mourton
98-990-8263,9921625497,33091 Atwood Pass,Hammon
46-288-7618,9565088465,45838 Dexter Way,Trathen
53-076-2116,7675008197,15 Riverside Alley,Olennikov
71-878-4011,5627761520,8774 Superior Alley,McFeat
28-715-6184,2157885587,98 Summer Ridge Court,Rodder
21-827-9202,7169785080,8763 West Parkway,Topp
42-084-2158,1060181851,564 Emmet Place,Frisdick
50-412-8236,2664024655,482 Del Mar Center,Dockerty
21-589-4849,3221912382,4 Elmside Terrace,Quaintance
47-866-6551,8542076869,6 Forest Run Pass,Padmore
67-482-1768,9325232669,664 Hallows Place,Dunkerly
11-801-5038,0100782108,840 Independence Circle,Shire
79-344-2052,4575954373,044 Atwood Alley,Conquest
71-894-3668,9106119964,705 Doe Crossing Road,Mothersdale
26-358-4979,3658523085,91 Packers Park,Gallehawk
78-295-4883,0181278022,69868 Myrtle Hill,Macek
97-065-8633,4197624018,4 Lakewood Gardens Pass,Hedaux
55-750-5242,3338096925,4716 Lerdahl Circle,Reedie
89-739-9647,6659992669,980 Buhler Drive,Portt
70-549-9819,6909257529,9806 Hoffman Way,Aizikovitch
02-911-6550,9111193824,394 Mitchell Hill,McIntee
35-368-7832,9423359442,87 Dorton Drive,Hewins
13-898-7446,9647538758,18 Tennyson Avenue,Willas
67-645-2554,6844274092,8 5th Plaza,Hymers
40-285-3967,4846174492,82 Manitowish Alley,Kelsall
60-122-1495,7901437731,01 Clove Hill,Eixenberger
18-180-7491,4302850078,14869 Bay Trail,Sobieski
32-874-1678,7763064943,84 Manufacturers Avenue,Ropking
71-061-5939,8109007775,39279 Northview Terrace,Lynnitt
76-995-9109,2140581946,989 Sherman Street,Dilgarno
90-800-1504,7674065812,409 Lawn Court,Piddle
32-594-0834,2704248990,41896 Arapahoe Trail,Routledge
51-069-6716,8043004897,82991 Roxbury Pass,Ralfe
63-701-1178,5653063088,49 Becker Parkway,Westerman
04-702-6874,7208092419,57349 Eliot Alley,McTurlough
44-719-4853,0423483773,12 Starling Junction,Fussey
93-621-4618,3324260205,06736 Ronald Regan Circle,Gheeraert
01-277-4513,9215928545,89076 Sugar Court,Girdler
34-274-0150,7172721543,00665 Golf View Circle,Baines
10-063-3287,2152323270,4857 Pond Way,Petersen
71-946-5809,3873363852,18843 Vermont Avenue,Emmett
66-331-7074,2537261909,6022 Amoth Road,Wildin
62-440-3147,0544773551,1 Algoma Hill,Bramstom
54-420-1329,3826166183,6 Tennessee Terrace,Cejka
00-350-8810,5891242249,1 Springview Junction,Lukas
01-102-5247,0511881142,03 Cottonwood Circle,Mathieson
72-953-5096,6896066164,60396 Russell Terrace,Baggally
70-064-0543,4070772111,14 Express Place,Stickler
15-373-0763,2168442274,99 Scoville Hill,Rackley
41-823-7822,9432178331,91223 Riverside Lane,Tudbald
16-285-4945,9573406705,85 Express Hill,Davidove
64-846-3157,3012418741,18 Manley Avenue,Feeham
58-919-3403,1683510127,9306 Brickson Park Plaza,Fairlie
29-307-8594,5762020908,91 Longview Center,Myton
78-980-5342,7678649436,5 Fairfield Point,Gammell
61-984-0485,6569389270,45 Macpherson Hill,Daffey
66-900-5962,4644554928,0970 3rd Lane,Tomczykowski
63-715-1639,5643720108,7811 Hovde Plaza,Bicheno
85-520-5420,8762013092,9856 Susan Junction,McGreay
28-702-6826,7793712250,8733 Ryan Lane,Lamkin
76-173-6009,0521045681,5 Eastwood Junction,Samworth
39-555-0941,7823701235,40800 Beilfuss Court,McArt
66-958-3398,8018889651,4 Moose Lane,Rudyard
80-194-5672,0152995196,8 Hermina Place,Maeer
19-991-3823,1820578003,6 Veith Court,Sarjeant
53-292-0747,2692889002,9301 Becker Crossing,Winyard
40-788-8020,9711698773,81 Memorial Alley,Sommerton
90-407-4890,7175230427,3 Namekagon Parkway,Cloney
76-983-1559,6537977584,91898 8th Plaza,Raw
86-068-0742,8725648926,629 Sugar Street,Ropars
36-655-9009,8034206008,438 Fairview Junction,Gowen
37-884-2087,2430502844,10048 Declaration Parkway,Klimentov
44-015-2048,5722745987,88888 Mcguire Terrace,Mabbutt
39-181-5314,8479151196,33092 Stephen Park,Borge
98-416-2320,2660738211,54498 American Ash Lane,Saphin
10-570-1023,1871042119,9336 Harbort Parkway,De Clairmont
60-867-7160,5592146043,4480 Larry Crossing,Kinder
48-427-8325,8057230649,22 Tomscot Court,Ricciardo
36-203-4151,9410786525,4423 Gale Drive,Sussex
86-390-9825,4426442095,7 Vernon Crossing,Waldera
93-523-3635,8743009972,0707 Sunbrook Way,Iglesia
67-916-4347,0300069693,34883 Mallard Trail,Robertucci
77-261-3695,7646782270,0465 Shasta Junction,Kedie
46-908-6658,1624191673,79365 Lakeland Plaza,Karys
59-765-4996,1279174420,7 Pond Hill,Sive
29-105-6270,9852571478,920 Walton Trail,Crowcum
05-262-5776,6118088012,0047 Granby Place,Bate
42-105-4956,0828743843,231 Duke Hill,Mcettrick
50-908-3432,3194201298,2 Doe Crossing Point,Tinn
59-467-5542,0529530708,7 Browning Lane,Marrow
33-887-7814,7468055351,9527 4th Drive,Toping
76-085-5092,4310505732,2559 5th Road,Nazair
74-365-9822,5051724922,9 Warbler Road,Clevely
25-127-1366,7674065812,3564 Dwight Plaza,Coolson
99-835-9116,3230471229,0106 Transport Hill,Mellonby
61-400-9437,4347531206,84880 Bobwhite Park,Lorey
27-381-9636,0183323947,04 Myrtle Park,Pridie
32-922-7549,8605187778,03 Porter Lane,Luckcock
35-928-7308,9415511656,556 Dryden Lane,Skamal
23-926-0964,8368484480,1 Anzinger Center,Casine
76-026-4365,4955876943,7 Pond Parkway,Khadir
86-400-1266,1723356743,60 Bluestem Center,Stilgo
85-620-2529,3991509938,16677 Green Crossing,Frain
08-049-3790,1934795496,32464 Di Loreto Way,Habbal
75-601-0984,1655740466,613 Artisan Circle,Le Page
11-119-8627,7406845863,15 Lyons Pass,Mariot
07-782-3050,1985360683,5 Briar Crest Way,Biskupski
10-443-6521,5511478598,06 Ryan Junction,Guiraud
93-651-0074,5183545030,26 Londonderry Place,Duffy
42-365-5194,2249880255,84790 Arapahoe Center,Taggart
51-176-8212,2152323270,8916 Katie Circle,Grimsey
55-050-1318,4640551886,61 Annamark Park,Forseith
69-934-4392,0613815947,33827 Mallory Drive,Bourdas
26-118-9637,7652382610,0 Orin Road,Aspinell
57-064-0489,0184657237,61887 Shoshone Way,Ibel
79-751-4836,1673712169,68809 Buell Trail,Eldershaw
55-613-1789,9128133625,11847 Almo Circle,Dreghorn
13-129-2792,2877527344,7948 Lunder Circle,Gouldthorpe
04-772-0855,4287567358,2859 Sunbrook Crossing,Verrell
17-448-8750,2121038655,038 Northfield Point,Putton
67-138-8042,3584594995,8506 Vidon Circle,Scohier
30-971-0756,3572324416,12 Merrick Center,Mulqueen
09-146-8826,0136210120,5179 Mccormick Terrace,Dumberrill
59-901-4027,5652568402,63 Monument Point,Kann
63-691-4207,6915603883,168 Warrior Plaza,Rushby
49-266-0504,7226333775,2164 Lukken Point,McGinly
15-662-2137,5361412015,73 Surrey Place,Blasiak
14-404-3039,5980306307,74 International Drive,McArd
06-649-6291,0650906780,6146 Graceland Alley,Kernermann
88-276-4627,4101563063,384 Stephen Junction,Revans
79-034-7273,6627873249,89235 Sherman Court,Perillo
58-336-2678,4417318719,39522 Crowley Parkway,Stones
11-932-4435,2140076885,267 Onsgard Pass,Dangerfield
91-380-9262,1315988232,2074 Westerfield Trail,Storie
91-828-9518,8714669404,3 Mayer Park,Mault
35-942-3774,3624863975,9217 Independence Road,Rolph
04-293-1763,7180202258,5076 Anthes Alley,Soggee
36-115-0796,7613692892,12050 Cottonwood Road,Gorrissen
63-207-5810,4728774430,6 Dakota Center,Rattery
03-548-4712,2753799482,5 Independence Junction,Rudland
21-173-7795,0091600073,29 Waywood Alley,Luthwood
38-822-6340,2280648830,3629 Marcy Circle,Ivison
25-636-5569,2100130951,6858 Ilene Center,Whapples
45-098-7640,2939311005,693 Fallview Terrace,Pabst
74-347-6281,7455301332,09 Crowley Terrace,Lethebridge
57-882-4935,0684412810,3270 Cardinal Pass,O'Leagham
33-660-1713,8232619945,9 Corscot Alley,Bushby
54-530-0405,4150694737,7357 Carey Trail,Lehrahan
40-750-4182,6114175786,7469 Crownhardt Circle,Pughsley
93-548-9056,5971772147,4 Leroy Junction,Ewington
57-495-5951,8912151851,389 Marquette Circle,Heal
30-933-3763,9764393381,1553 Lyons Way,Creak
76-349-2933,3349883079,096 Stone Corner Lane,Gilder
19-204-7922,0660803127,20288 Artisan Avenue,Forson
50-020-0188,3301909779,69058 Sunbrook Alley,Carillo
14-640-6325,1012332357,8 West Circle,Methingam
60-421-8348,9565088465,5 Dwight Court,Wykes
91-047-4945,1614615861,67 Bowman Drive,Crickmore
92-350-2437,2430502844,161 Chive Court,Jeandillou
87-276-7776,7136013348,4471 Moland Road,Asling
58-763-2211,2745573810,82 Annamark Street,Lambertini
53-343-4524,8593920381,27 Basil Terrace,Swire
61-221-6189,7381700050,472 Judy Point,Roslen
63-536-6571,1728812976,562 Kenwood Alley,Millery
96-084-5790,4499355826,36 Prairieview Point,Maslen
39-031-2207,8094521791,977 Butterfield Place,Tather
26-804-8379,8368484480,09 Milwaukee Drive,Freiburger
91-959-5260,5206291420,4082 Riverside Point,Tome
94-906-1069,3447074817,085 Mesta Hill,Daltry
92-360-1021,9061987369,3 Butternut Way,Dunstone
93-767-0958,4082252614,82789 Hooker Trail,Edghinn
56-699-7376,9932759864,5 Sutherland Pass,Burbury
97-952-4130,2564066720,0847 Talmadge Terrace,Feldheim
26-013-0410,6821734437,31013 Washington Plaza,Oxlade
69-054-0368,1361418435,5477 Elka Lane,Lauks
25-214-6158,6290293559,524 Manley Parkway,Ward
80-520-9094,0697360296,96 Pankratz Junction,Haselgrove
38-314-6310,3864393531,90868 Forster Junction,Siebart
06-174-8677,2905065508,4 4th Pass,Bain
71-659-2586,5021161245,040 Stephen Road,Leborgne
80-932-2142,7198138055,95 Northwestern Hill,Keatley
26-895-2755,7648970562,7 Ludington Place,Jelf
77-967-9042,6548825772,639 Welch Plaza,Gres
76-129-9863,6344327103,8 East Crossing,Lackham
58-939-4479,1675694729,0069 Buena Vista Drive,Swaite
68-240-3571,7187301340,4 Sunbrook Court,Caddens
81-957-0593,1129531635,570 Crest Line Park,Chaloner
53-717-5859,5156894445,889 Melrose Terrace,Balcon
30-621-1232,3120886947,40 Prairie Rose Drive,Robatham
21-202-3564,9565015956,87586 Ronald Regan Place,Aluard
84-105-8910,0245987355,8755 Summer Ridge Circle,Mussotti
94-628-2892,7455301332,0 Miller Street,Marriot
16-750-0618,5895550746,6 Hayes Parkway,Olczak
57-423-7359,9783721208,0416 Doe Crossing Center,Mersey
08-536-7300,1280111046,75 Corben Terrace,Morby
18-612-2365,5304808622,8227 Lawn Court,Semered
34-645-4116,2815412977,457 Bobwhite Place,Grabban
35-573-1402,7191140844,11 Forest Run Pass,Worsam
24-736-6784,2628569876,94 Delladonna Avenue,Erickson
06-106-1805,1247436977,507 Moose Point,Crozier
57-323-7378,7226333775,663 Brown Pass,Yirrell
71-462-5814,9447123775,34 Farragut Avenue,Crinage
09-240-5501,4997490059,17437 Talisman Court,Lapenna
92-665-9267,1063704162,6546 Old Gate Place,Killingback
68-745-4822,3211489061,23 Stang Hill,O'Kennavain
42-777-4153,6543262400,71 Summit Plaza,Finder
21-113-3675,8392065298,563 Lerdahl Circle,Scamwell
42-569-2964,2635326541,717 Saint Paul Junction,Adrien
01-624-4834,6789293922,27 Eastlawn Street,Roff
99-219-3555,6664191067,341 Westport Plaza,Sprey
69-216-6000,6406858360,0747 Veith Drive,Hemerijk
53-874-6160,1068875380,4594 Del Mar Court,O'Lynn
14-950-3082,1723356743,5380 Westend Road,Kennady
60-563-9444,2517554102,43297 Comanche Trail,Paniman
86-277-9946,4070772111,61 Delladonna Drive,Brahan
13-889-1402,8605187778,37 Straubel Plaza,Hindhaugh
06-824-3972,1386461911,18619 Carey Alley,Trett
35-238-8986,8714669404,9 Russell Plaza,Fairfoul
58-253-5765,9565088465,104 Northfield Way,Snawden
93-210-5976,5678969668,6221 Oriole Plaza,Knivett
69-721-5944,6668486185,394 Corry Hill,Harnell
42-486-0172,0978048806,49085 Moose Plaza,Jaffrey
79-090-3800,5051724922,09 Ridgeview Center,Clemencet
52-583-2986,0034020608,5 Mariners Cove Lane,Bateman
55-125-9401,9027272204,635 Manufacturers Plaza,Morales
04-679-3397,7722668151,99 Ridgeway Park,Aynsley
26-026-0386,0538400196,27330 Tony Center,Boldock
74-652-6023,7403077164,47446 Scoville Point,Bogey
49-224-2521,1913829723,79 Gerald Hill,Forsyde
75-438-0585,9711698773,454 Heffernan Road,Norgate
50-340-6503,0952975971,34616 Vera Pass,Dysert
66-992-0529,5249032672,055 Artisan Point,Spellesy
68-040-3399,3879248214,556 Iowa Circle,Kunneke
22-581-8151,5463453594,40727 Utah Way,Olpin
48-740-4851,5971772147,83 Jackson Center,Drache
03-740-3616,5166047192,520 Clyde Gallagher Junction,Evitts
84-895-0229,3140611234,76 Claremont Circle,Fareweather
26-762-9596,4287567358,876 Mandrake Lane,Dust
55-648-8997,0315961996,725 Sullivan Way,Seegar
59-631-3422,8912151851,476 Haas Trail,O'Grady
24-419-6593,1785887505,7514 Cascade Plaza,Worsalls
89-915-4818,4155836033,248 Lindbergh Parkway,O'Scanlon
35-561-7464,6770739852,13263 Kedzie Road,Truce
02-723-3852,8762013092,7 Spaight Lane,Brimilcome
15-708-7058,0245899669,386 Nova Road,Harkins
93-348-8489,6844274092,15 Pleasure Park,Oxtiby
88-255-9026,4799144405,1 Carpenter Place,Durnian
50-526-9373,8472426815,8145 Nobel Crossing,Crownshaw
70-040-1137,9880723120,86455 Maywood Street,Elverston
19-218-0187,7405191576,33386 Artisan Pass,Billany
